SMILES,Outcome
NS(=O)(=O)c1ccc(C(=O)O)cc1,0.0
OC(CCN1CCCCC1)(c1ccccc1)c1ccccc1,0.0
Oc1ccc(Cl)cc1Sc1cc(Cl)ccc1O,1.0
CN(C)CCC=C1c2ccccc2Sc2ccc(Cl)cc21,1.0
C[N+]1(C)C2CC(OC(=O)C(CO)c3ccccc3)CC1C1OC12,0.0
CCc1oc2ccccc2c1C(=O)c1cc(Br)c(O)c(Br)c1,1.0
O=C(O)CP(=O)(O)O,0.0
CN1CCCCC1CCN1c2ccccc2Sc2ccc([S+](C)[O-])cc21,1.0
O=c1[nH]c2ccccc2n1CCCN1CCC(n2c(=O)[nH]c3cc(Cl)ccc32)CC1,1.0
CCC12CCCN3CCc4c(n(c5ccccc45)C(=O)C1)C32,1.0
Clc1ccc2c(c1)C(N1CCNCC1)=Nc1ccccc1O2,1.0
CC(N)C(=O)OC(C)(C)Cc1ccc(Cl)cc1,0.0
CCCCCC=CCC=CCC=CCC=CCCCC(=O)NCC(=O)O,0.0
Cc1c(C)c(O)c(C=CCCC#CCCCC#CCO)c(C)c1O,1.0
Nc1nc(=O)c2ncn(COCCO)c2[nH]1,0.0
CC(=O)Oc1ccccc1C(=O)O,0.0
COC(=O)C1=CCCN(C)C1,0.0
N=C(N)NC(=O)c1nc(Cl)c(N)nc1N,0.0
CCCCc1oc2ccccc2c1C(=O)c1cc(I)c(OCCN(CC)CC)c(I)c1,1.0
C=CCc1ccccc1OCC(O)CNC(C)C,0.0
CN(C)c1nc(N(C)C)nc(N(C)C)n1,0.0
COc1ccc(C(=O)N2CCCC2=O)cc1,0.0
CC(COc1ccccc1)N(CCCl)Cc1ccccc1,1.0
CCCCNc1cc(C(=O)O)cc(S(N)(=O)=O)c1Oc1ccccc1,0.0
CC(C)COCC(CN(Cc1ccccc1)c1ccccc1)N1CCCC1,1.0
CC(C)NCC(O)COc1ccc(CCOCC2CC2)cc1,0.0
CN1C(=O)CCS(=O)(=O)C1c1ccc(Cl)cc1,0.0
O=C(O)CCCc1ccc(N(CCCl)CCCl)cc1,1.0
O=C1CCc2cc(OCCCCc3nnnn3C3CCCCC3)ccc2N1,1.0
Oc1cc(O)c2c(c1)OC(c1ccc(O)c(O)c1)C(O)C2,0.0
CCCNC(=O)NS(=O)(=O)c1ccc(Cl)cc1,0.0
NC(=O)N1c2ccccc2C=Cc2ccccc21,0.0
O=c1[nH]c2cc(Cl)ccc2o1,0.0
C(=Cc1ccccc1)CN1CCN(C(c2ccccc2)c2ccccc2)CC1,1.0
CN1CCC(=C2c3ccccc3C=Cc3ccccc32)CC1,1.0
CN1CCN(C2=Nc3cc(Cl)ccc3Nc3ccccc32)CC1,1.0
CN(C)CCCN1c2ccccc2CCc2ccc(Cl)cc21,1.0
Clc1cccc(Cl)c1NC1=NCCN1,0.0
CN(C(=O)CCCOc1ccc2[nH]c(=O)ccc2c1)C1CCCCC1,1.0
CN(C)CCCN1c2ccccc2Sc2ccc(Cl)cc21,1.0
CCCC(C)(COC(N)=O)COC(=O)NC(C)C,0.0
CC(CCc1ccc(O)cc1)NCCc1ccc(O)c(O)c1,0.0
OCCN(CCO)c1nc(N2CCCCC2)c2nc(N(CCO)CCO)nc(N3CCCCC3)c2n1,1.0
CC[N+](C)(C)c1cccc(O)c1,0.0
CCC1(C2=NCCN2)Cc2ccccc2O1,0.0
O=C1NCN(c2ccccc2)C12CCN(CCCC(c1ccc(F)cc1)c1ccc(F)cc1)CC2,1.0
CNCCC(Oc1ccc(C(F)(F)F)cc1)c1ccccc1,1.0
NC(=O)OCC(COC(N)=O)c1ccccc1,0.0
OCCN1CCN(CCCN2c3ccccc3Sc3ccc(C(F)(F)F)cc32)CC1,1.0
CC(C)OC(=O)C(C)(C)Oc1ccc(C(=O)c2ccc(Cl)cc2)cc1,1.0
CCOC(=O)c1ncn2c1CN(C)C(=O)c1cc(F)ccc1-2,0.0
O=c1[nH]cc(F)c(=O)[nH]1,0.0
O=C(NCC1CCCCN1)c1cc(OCC(F)(F)F)ccc1OCC(F)(F)F,0.0
Oc1ccc(C2CNCCc3c2cc(O)c(O)c3Cl)cc1,0.0
CCOC(=O)C1=C(C)N=C(C)C(C(=O)OC)C1c1cccc(Cl)c1Cl,1.0
NCC1(CC(=O)O)CCCCC1,0.0
Nc1nc(=O)c2ncn(COC(CO)CO)c2[nH]1,0.0
c1ccc2c(c1)OCC(C1=NCCN1)O2,1.0
CN(C)CCCN1c2ccccc2CCc2ccccc21,1.0
CCn1ccnc1CC1COc2ccccc2O1,0.0
CN1CCC(=C2c3ccccc3CC(=O)c3sccc32)CC1,0.0
O=C1N(c2ccccc2)c2ccccc2C1(Cc1ccncc1)Cc1ccncc1,0.0
CC(C(=O)O)c1ccc(CC2CCCC2=O)cc1,0.0
CN(C)C(=O)C(CCN1CCC(O)(c2ccc(Cl)cc2)CC1)(c1ccccc1)c1ccccc1,1.0
O=C(O)c1nn(Cc2ccc(Cl)cc2Cl)c2ccccc12,0.0
Cc1oncc1C(=O)Nc1ccc(C(F)(F)F)cc1,0.0
CCN(CC)CC(=O)Nc1c(C)cccc1C,0.0
CCOC(=O)N1CCC(=C2c3ccc(Cl)cc3CCc3cccnc32)CC1,1.0
Cc1ccccc1N1C(=O)c2cc(S(N)(=O)=O)c(Cl)cc2NC1C,0.0
CCN(CC)CCNC(=O)c1cc(Cl)c(N)cc1OC,0.0
COc1nc(C)nc(Cl)c1NC1=NCCN1,0.0
CN1CCN2c3ccccc3Cc3ccccc3C2C1,0.0
Nc1cc(N2CCCCC2)nc(N)[n+]1[O-],0.0
CNC1(C)C2CCC(C2)C1(C)C,0.0
CNCCCC12CCC(c3ccccc31)c1ccccc12,1.0
CCOC(=O)C1=C(C)N=C(C)C(C(=O)OC)C1c1cccc([N+](=O)[O-])c1,1.0
COCCOC(=O)C1=C(C)N=C(C)C(C(=O)OC(C)C)C1c1cccc([N+](=O)[O-])c1,1.0
CNCCC(Oc1ccccc1OC)c1ccccc1,0.0
COc1ccccc1N1CCN(CC(O)COc2cccc3ccccc23)CC1,1.0
CS(=O)(=O)Nc1ccc([N+](=O)[O-])cc1Oc1ccccc1,0.0
COC(=O)C1=C(C)N=C(C)C(C(=O)OCCN(C)Cc2ccccc2)C1c1cccc([N+](=O)[O-])c1,1.0
NCC(O)c1ccc(O)cc1,0.0
Cc1cc(C(C)(C)C)c(O)c(C)c1CC1=NCCN1,0.0
O=c1[nH]c2ccccc2n1CCCN1CCN(C(c2ccccc2)c2ccccc2)CC1,1.0
Cc1nc2ccccn2c(=O)c1CCN1CCC(C(=O)c2ccc(F)cc2)CC1,1.0
CCCCCCCCCCCCCCCC(=O)NCCO,0.0
O=c1[nH]c2ccccc2n1C1CCN(CCCC(c2ccc(F)cc2)c2ccc(F)cc2)CC1,1.0
Cc1ccc(=O)n(-c2ccccc2)c1,0.0
CC(CN1c2ccccc2Sc2ccccc21)N(C)C,1.0
CCCNCC(O)COc1ccccc1C(=O)CCc1ccccc1,1.0
OCCN1CCN(CCCN2c3ccccc3Sc3ccc(Cl)cc32)CC1,1.0
c1cnc(N2CCN(Cc3ccc4c(c3)OCO4)CC2)nc1,0.0
Cc1nc2sccn2c(=O)c1CCN1CCC(=C(c2ccc(F)cc2)c2ccc(F)cc2)CC1,1.0
Cc1nc2n(c(=O)c1CCN1CCC(c3noc4cc(F)ccc34)CC1)CCCC2,1.0
COc1ccccc1OCC(O)CN1CCN(CC(=O)Nc2c(C)cccc2C)CC1,0.0
O=C1NCN(c2ccccc2)C12CCN(CC1COc3ccccc3O1)CC2,1.0
O=C(CCCN1CCC2(CC1)C(=O)NCN2c1ccccc1)c1ccc(F)cc1,1.0
O=C1CCC(N2C(=O)c3ccccc3C2=O)C(=O)N1,0.0
NCCS(=O)(=O)O,0.0
N#CC(C#N)=Cc1ccc(O)c(O)c1,0.0
FC(F)(F)c1ccccc1-n1ccnc1,0.0
CN1C2CCC1CC(OC(=O)c1cc(Cl)cc(Cl)c1)C2,1.0
CSc1ccc2c(c1)N(CCC1CCCCN1C)c1ccccc1S2,1.0
CC(C)(C)c1ccc(C(O)CCCN2CCC(C(O)(c3ccccc3)c3ccccc3)CC2)cc1,1.0
Brc1c(NC2=NCCN2)ccc2nccnc12,0.0
COc1ccc(CCN(C)CCCC(C#N)(c2ccc(OC)c(OC)c2)C(C)C)cc1OC,1.0
COc1cc(-c2ccc(=O)[nH]n2)ccc1OC(F)F,0.0
CCCCCN(CCCCC)C(=O)C(CCC(=O)[O-])NC(=O)c1ccc(Cl)c(Cl)c1,0.0
N=C(N)NS(=O)(=O)c1ccc(N)cc1,0.0
Nc1ccc(C(=O)NCC(=O)O)cc1,0.0
CC(=O)OC(C)C[N+](C)(C)C,0.0
CC(C)[N+](C)(CCC(C(N)=O)(c1ccccc1)c1ccccc1)C(C)C,0.0
Cc1ccc(N(CC2=NCCN2)c2cccc(O)c2)cc1,0.0
NS(=O)(=O)c1cc2c(cc1C(F)(F)F)NC(Cc1ccccc1)NS2(=O)=O,0.0
C[N+]1(C)CCCC(OC(=O)C(O)(c2ccccc2)c2ccccc2)C1,0.0
NS(=O)(=O)c1cc(C2(O)NC(=O)c3ccccc32)ccc1Cl,0.0
Nc1ccc(S(=O)(=O)Nc2ccc(Cl)nn2)cc1,0.0
COc1c2occc2c(OC)c2c(=O)cc(C)oc12,1.0
CC1=C2CC(=O)C=CC2(C)C2C(O)CC3(C)C(CCC3(O)C(=O)CO)C2C1,0.0
CC=C(C(=CC)c1ccc(O)cc1)c1ccc(O)cc1,1.0
O=C(O)c1ccccc1C(=O)Nc1ccc(S(=O)(=O)Nc2nccs2)cc1,0.0
CCCCOc1cc(C(=O)NCCN(CC)CC)c2ccccc2n1,1.0
Cc1cc(=O)oc2cc(O)ccc12,0.0
CNCC(O)c1ccc(O)cc1,0.0
NC(=O)Nc1[nH]c(=O)[nH]c1O,0.0
CCCCNc1ccc(C(=O)OCCOCCOCCOCCOCCOCCOCCOCCOCCOC)cc1,1.0
OC(c1ccccc1)(c1ccccc1)C1CCNCC1,0.0
CC(C)(C)CC(C)(C)c1ccc(OCCOCC[N+](C)(C)Cc2ccccc2)cc1,1.0
COc1cc(NS(=O)(=O)c2ccc(N)cc2)nc(OC)n1,0.0
CN(C(=O)CN(CCO)CC(=O)N(C)C(C)(C)Cc1ccccc1)C(C)(C)Cc1ccccc1,1.0
COc1ccc2c(c1OC)C(=O)OC2C1c2c(cc3c(c2OC)OCO3)CCN1C,1.0
CCCCc1c(O)n(-c2ccc(O)cc2)n(-c2ccccc2)c1=O,1.0
NS(=O)(=O)c1cc2c(cc1Cl)NC(C(Cl)Cl)NS2(=O)=O,0.0
Nc1ccc(S(=O)(=O)Nc2ccccn2)cc1,0.0
CCCCN(CCCC)CCCOC(=O)c1ccc(N)cc1,0.0
CC(=O)C1CCC2C3=CC=C4CC(=O)CCC4(C)C3CCC12C,0.0
CC(=O)CC(c1ccc([N+](=O)[O-])cc1)c1c(O)c2ccccc2oc1=O,0.0
COc1c2occc2cc2ccc(=O)oc12,0.0
Cc1cc2c(C(C)C)c(O)c(O)c(C=O)c2c(O)c1-c1c(C)cc2c(C(C)C)c(O)c(O)c(C=O)c2c1O,1.0
CC(C)NCC(O)COc1cccc2ccccc12,0.0
CC(=O)OCC(=O)C1(O)CCC2C3CC=C4CC(=O)C=CC4(C)C3(F)C(O)CC21C,0.0
CC(=O)OCC(=O)C12OC(C)(C)OC1CC1C3CC(F)C4=CC(=O)C=CC4(C)C3(F)C(O)CC12C,0.0
CC1OC(OC2C=C3CCC4C(CCC5(C)C(c6ccc(=O)oc6)CCC45O)C3(C)CC2)C(O)C(O)C1O,1.0
CC=CC(=O)N(CC)c1ccccc1C,0.0
Cn1c(=O)c2c(ncn2CCO)n(C)c1=O,0.0
COc1ccc2c(c1OC)CN1CCc3cc4c(cc3C1C2)OCO4,1.0
O=C(O)c1ccccc1Nc1cccc(C(F)(F)F)c1,0.0
O=C(CCCN1CC=C(n2c(=O)[nH]c3ccccc32)CC1)c1ccc(F)cc1,1.0
CCCCCCCCCCCCCCCC[N+](C)(C)CCN(Cc1ccc(OC)cc1)c1ncccn1,1.0
CC(=O)OC1(C(C)=O)CCC2C3=CC(C)=C4CC(=O)CCC4(C)C3CCC21C,1.0
O=C(NN=Cc1ccc([N+](=O)[O-])o1)c1ccc(O)cc1,1.0
Cc1cc2c(cc1S(N)(=O)=O)S(=O)(=O)CCC2,0.0
O=C(CCCN1CCN(c2ccccn2)CC1)c1ccc(F)cc1,1.0
O=C(CCCN1CCC(n2c(=O)[nH]c3ccccc32)CC1)c1ccc(F)cc1,0.0
CC1CC2C3CC(F)C4=CC(=O)C=CC4(C)C3(F)C(O)CC2(C)C1(O)C(=O)CO,0.0
Cc1cccc(N(C)C(=S)Oc2ccc3ccccc3c2)c1,0.0
CCCCOc1ccc(CC(O)=NO)cc1,1.0
COc1ncnc(NS(=O)(=O)c2ccc(N)cc2)c1OC,0.0
CC(=O)C1CCC2C3CC(C)=C4CC(=O)CCC4(C)C3C(O)CC12C,1.0
CC1(C)OC2CC3C4CC=C5CC(=O)CCC5(C)C4(F)C(O)CC3(C)C2(C(=O)CCl)O1,1.0
CCN(CC)CCNc1ccc(CO)c2sc3ccccc3c(=O)c12,1.0
Cc1cccc(C)c1NC(=O)CN1CCN(CCCC(c2ccc(F)cc2)c2ccc(F)cc2)CC1,1.0
CC(=O)c1ccc2c(c1)N(CCCN1CCC(CCO)CC1)c1ccccc1S2,1.0
Cc1cc2cc3c(C)cc(=O)oc3c(C)c2o1,0.0
CCCN(CCC)C(=O)C(CCC(=O)O)NC(=O)c1ccccc1,0.0
O=C(CCCN1CCC(O)(c2ccc(Br)cc2)CC1)c1ccc(F)cc1,1.0
Cc1c(Cl)cccc1Nc1ccccc1C(=O)O,0.0
Cc1ncc([N+](=O)[O-])n1CC(O)CCl,0.0
CCS(=O)(=O)CCn1c([N+](=O)[O-])cnc1C,0.0
COc1cc(C(=O)OCCCN2CCCN(CCCOC(=O)c3cc(OC)c(OC)c(OC)c3)CC2)cc(OC)c1OC,1.0
O=C(Cn1ccnc1[N+](=O)[O-])NCCO,0.0
CC(C)c1c(CN(C)C(C)Cc2ccccc2)n(C)n(-c2ccccc2)c1=O,1.0
CC(C)(Sc1cc(C(C)(C)C)c(O)c(C(C)(C)C)c1)Sc1cc(C(C)(C)C)c(O)c(C(C)(C)C)c1,0.0
COc1c(C)c2c(c(O)c1CC=C(C)CCC(=O)O)C(=O)OC2,1.0
CC(C)(C)NCC(O)COc1nsnc1N1CCOCC1,0.0
Clc1ccc(C(Cn2ccnc2)OCc2c(Cl)cccc2Cl)c(Cl)c1,1.0
O=C(OCCOCCO)c1ccccc1Nc1cccc(C(F)(F)F)c1,1.0
COc1ccc2c(c1)C(=O)N(CCc1ccc(S(=O)(=O)NC(=O)NC3CCCCC3)cc1)C(=O)C2(C)C,0.0
CCOC(=O)C1=CC2(CC)CCCN3CCc4c(n1c1ccccc41)C32,0.0
Clc1ccccc1CN1CCc2sccc2C1,0.0
NS(=O)(=O)c1cc(C(=O)O)cc(N2CCCC2)c1Oc1ccccc1,0.0
Cc1cccc(Nc2ccncc2S(=O)(=O)NC(=O)NC(C)C)c1,0.0
Nc1cc(C(Cl)=C(Cl)Cl)c(S(N)(=O)=O)cc1S(N)(=O)=O,0.0
COc1ccc(C2CNC(=O)C2)cc1OC1CCCC1,0.0
COCC(=O)Nc1c(I)c(C(=O)NCC(O)CO)c(I)c(C(=O)N(C)CC(O)CO)c1I,0.0
COC(=O)C1=C(C)N=C(C)C(C(=O)OC(C)C)C1c1cccc2nonc12,1.0
CCC(C)(C)C(=O)OC1CC(C)C=C2C=CC(C)C(CCC3CC(O)CC(=O)O3)C21,1.0
CCC(=O)OC1(C(=O)SCF)C(C)CC2C3CC(F)C4=CC(=O)C=CC4(C)C3(F)C(O)CC21C,0.0
COc1cc(N)c(Cl)cc1C(=O)NC1CCN(CCCOc2ccc(F)cc2)CC1OC,1.0
CC(=O)SCC(Cc1ccccc1)C(=O)NCC(=O)OCc1ccccc1,0.0
CC1CC2C3CC=C4CC(=O)C=CC4(C)C3(Cl)C(O)CC2(C)C1(OC(=O)c1ccco1)C(=O)CCl,0.0
CCC1=C(C)CN(C(=O)NCCc2ccc(S(=O)(=O)NC(=O)NC3CCC(C)CC3)cc2)C1=O,0.0
Oc1c(C2=CCC(c3ccc(Cl)cc3)CC2)c(O)c2ccccc2c1O,1.0
CC(C)(C)NC(=O)C1CCC2C3CCC4NC(=O)C=CC4(C)C3CCC12C,0.0
CCNC1CN(CCCOC)S(=O)(=O)c2sc(S(N)(=O)=O)cc21,0.0
CC1(C)OC2CC3C4CC(F)C5=CC(=O)C=CC5(C)C4C(O)CC3(C)C2(C(=O)CO)O1,0.0
Cc1onc(-c2ccccc2Cl)c1C(=O)NC1C(=O)N2C1SC(C)(C)C2C(=O)[O-],0.0
CN1CC(CNC(=O)OCc2ccccc2)CC2c3cccc4c3c(cn4C)CC21,1.0
COC12CC(COC(=O)c3cncc(Br)c3)CN(C)C1Cc1cn(C)c3cccc2c13,0.0
CCC(=O)c1ccc(O)cc1,0.0
Fc1ccc(C(c2ccc(F)cc2)N2CCN(CC=Cc3ccccc3)CC2)cc1,1.0
CCCCN1CC(O)C(O)C(O)C1CO,0.0
CCN1CCN(c2cc3c(cc2F)c(=O)c(C(=O)O)cn3C2CC2)CC1,0.0
COCCCCC(=NOCCN)c1ccc(C(F)(F)F)cc1,1.0
c1ccc(-c2ccc(C(c3ccccc3)n3ccnc3)cc2)cc1,1.0
CCC(C)n1ncn(-c2ccc(N3CCN(c4ccc(OCC5COC(Cn6cncn6)(c6ccc(Cl)cc6Cl)O5)cc4)CC3)cc2)c1=O,1.0
CN1CCCN(C(c2ccccc2)c2ccc(Cl)cc2)CC1,1.0
CC(=O)Oc1cccc2c1C(=O)c1c(OC(C)=O)cc(C(=O)O)cc1C2=O,0.0
O=C(c1ccc(F)cc1)C1CCN(CCn2c(=O)[nH]c3ccccc3c2=O)CC1,1.0
CC12CCC(=O)C=C1CCC1C2CCC2(C)C1CCC2(O)C(=O)CO,1.0
CC1(C)OC2CC3C4CC(F)C5=CC(=O)C=CC5(C)C4(F)C(O)CC3(C)C2(C(=O)CO)O1,0.0
C=C1CCC2(O)C3Cc4ccc(O)c5c4C2(CCN3CC2CC2)C1O5,0.0
CC(=O)OCC(=O)C1(OC(C)=O)C(C)CC2C3CC(F)C4=CC(=O)C=CC4(C)C3(F)C(O)CC21C,0.0
CC(=O)OCC(=O)C1CCC2C3CC=C4CC(=O)CCC4(C)C3CCC12C,1.0
CC12CCC(=O)C=C1CCC1C2C(O)CC2(C)C(C(=O)CO)CCC12,0.0
CC(=O)OC1(C(C)=O)CCC2C3=CC(Cl)=C4CC(=O)CCC4(C)C3CCC21C,1.0
CCCc1cc(=O)[nH]c(=S)[nH]1,0.0
CC12CCC(=O)C=C1CCC1C2C(O)CC2(C)C1CCC2(O)C(=O)CO,0.0
Cc1cn(C2C=CC(CO)O2)c(=O)[nH]c1=O,0.0
CCC1C(=O)OCC1Cc1cncn1C,0.0
CCC(C)C(=O)OC1CC(C)C=C2C=CC(C)C(CCC3CC(O)CC(=O)O3)C21,0.0
CC1CC2C3CC=C4CC(=O)C=CC4(C)C3(F)C(O)CC2(C)C1C(=O)CO,0.0
O=c1[nH]c(=O)n(C2CC(O)C(CO)O2)cc1F,1.0
CCC(CO)NC(=O)C1C=C2c3cccc4c3c(cn4C)CC2N(C)C1,0.0
COc1cccc2c(O)c3c(c(O)c12)C(=O)C1=C(CC(O)(C(C)=O)CC1OC1CC(N)C(O)C(C)O1)C3=O,1.0
COc1ccc(C2Sc3ccccc3N(CCN(C)C)C(=O)C2OC(C)=O)cc1,1.0
CCC1CN2CCc3cc(OC)c(OC)cc3C2CC1CC1NCCc2cc(OC)c(OC)cc21,1.0
CCN(CC)CCOCCOC(=O)C1(c2ccccc2)CCCC1,0.0
CN(C)CCCSc1ccccc1NC(=O)C=Cc1ccccc1,0.0
NP(N)(=O)NC(=O)c1ccc(F)cc1,0.0
O=C1NCN(c2ccccc2)C12CCN(CCCOc1ccc(F)cc1)CC2,1.0
CC(C(O)c1ccc(O)cc1)N1CCC(Cc2ccccc2)CC1,0.0
CSc1ccc2c(c1)C(N1CCN(C)CC1)Cc1ccccc1S2,1.0
Cc1ccc(C(=CCN2CCCC2)c2ccccn2)cc1,0.0
CCN(CC)CCOc1ccc(Cc2ccccc2)cc1,1.0
C=CCN1CC(C)N(C(c2ccc(C(=O)N(CC)CC)cc2)c2cccc(OC)c2)CC1C,1.0
CNCCCCOc1ccccc1Cc1ccccc1,1.0
CC(C)NCC(O)c1ccc2ccccc2c1,0.0
CC(=O)Nc1ccc(OCC(O)CNC(C)C)cc1,0.0
N=C(N)NN=Cc1c(Cl)cccc1Cl,0.0
CCCCCCCCC=CCCCCCCCC(=O)NCc1ccc(O)c(OC)c1,1.0
CCN(CC)CC1CCCCN1CC(=O)N1c2ccccc2C(=O)Nc2cccnc21,0.0
COc1ccccc1N1CCN(CCCCNC(=O)c2ccc(-c3ccc(C(C)=O)cc3)cc2)CC1,1.0
COc1cc2c(c(OC)c1OC)-c1ccc(OC)c(=O)cc1C(NC(C)=O)CC2,1.0
O=C1c2ccccc2S(=O)(=O)N1CCCCN1CCN(c2ncccn2)CC1,0.0
CN1CCc2cccc3c2C1Cc1ccc(O)c(O)c1-3,1.0
CC(=O)NC(Cc1ccccc1)C(=O)O,0.0
CC(C)Cn1cnc2c(N)nc3ccccc3c21,1.0
CC=C(c1ccc(O)cc1)C(CC)c1ccc(O)cc1,1.0
Cc1cc(CC(=O)[O-])n(C)c1C(=O)c1ccc(Cl)cc1,0.0
CCCCC(CC)COC(=O)c1ccc(N(C)C)cc1,0.0
C1CCC(NC2CCCCC2)CC1,0.0
CC(=O)OC1(C(C)=O)CCC2C3=CC(Cl)=C4CC(=O)C5CC5C4(C)C3CCC21C,1.0
Cc1cc(=O)[nH]c(=S)[nH]1,0.0
c1ccc2c(c1)Nc1ccccc1S2,1.0
Nc1ccccc1C(=O)O,0.0
Oc1ccc(Cl)cc1Cc1cc(Cl)ccc1O,1.0
Oc1ccc(Cl)cc1Cc1ccccc1,1.0
OC(CN1CCC(Cc2ccc(F)cc2)CC1)c1ccc(Cl)cc1,1.0
CN1CCc2cc(Cl)c(O)cc2C2c3ccccc3CCC21,1.0
COc1ccc(S(=O)(=O)N2c3ccc(Cl)cc3C(O)(c3ccccc3Cl)C2C(=O)N2CCCC2C(N)=O)cc1OC,1.0
NC(=O)c1cccnc1,0.0
CC(C)NCC(O)COc1ccc(CC(N)=O)cc1,0.0
CCCCCCCCCCCCCCCC(O)C(N)CO,1.0
CC(C)[N+](C)(CCOC(=O)C1c2ccccc2Oc2ccccc21)C(C)C,0.0
NC(=O)c1ccc([N+](=O)[O-])cc1Cl,0.0
CC(O)=NO,0.0
NC(=O)c1cc([N+](=O)[O-])cc([N+](=O)[O-])c1,0.0
NC(=O)NC(=O)Cc1ccccc1,0.0
CC(=O)OCC(=O)C1(O)CCC2C3CC=C4CC(=O)C=CC4(C)C3C(O)CC21C,0.0
CC(=O)Nc1cc([As](=O)(O)O)ccc1O,0.0
Oc1c(Br)cc(Br)c2cccnc12,1.0
CCC12CCCN3CCc4c(n(c5ccccc45)C(O)(C(=O)OC)C1)C32,0.0
CC(=O)NC(CC(C)C)C(=O)O,0.0
NC(CCC(=O)NC(CS)C(=O)NCC(=O)O)C(=O)O,0.0
CC(C)(C)CC(C)(C)c1ccc(O)c(Cc2ccc(Cl)cc2Cl)c1,1.0
CCCC(=O)OC1(C(=O)CO)CCC2C3CC=C4CC(=O)CCC4(C)C3C(O)CC21C,0.0
CC(=O)Nc1ccc(S(=O)(=O)Nc2ccc([N+](=O)[O-])cc2)cc1,0.0
CCCCCCOc1ccccc1C(N)=O,1.0
CC[n+]1c(-c2ccccc2)c2cc(N)ccc2c2ccc(N)cc21,1.0
Cc1c(NC(C)C)c(=O)n(-c2ccccc2)n1C,0.0
CCC(=O)OC1(C(=O)CCl)C(C)CC2C3CC=C4CC(=O)C=CC4(C)C3(F)C(O)CC21C,1.0
COc1ccc(C(CN(C)C)C2(O)CCCCC2)cc1,0.0
CC(C)C1CCC(C(=O)NC(Cc2ccccc2)C(=O)O)CC1,0.0
CN(CCOc1ccc(Cc2sc(=O)[nH]c2O)cc1)c1ccccn1,0.0
CCCCCCCCCCCC(CC1OC(=O)C1CCCCCC)OC(=O)C(CC(C)C)NC=O,1.0
Cc1onc(-c2ccccc2)c1-c1ccc(S(N)(=O)=O)cc1,1.0
CC(=O)OCC(CCn1cnc2cnc(N)nc21)COC(C)=O,0.0
O=C1C(CCC(O)c2ccc(F)cc2)C(c2ccc(O)cc2)N1c1ccc(F)cc1,1.0
CC12CCC(=O)C=C1C=CC1C2CCC2(C)C1CCC21CCC(=O)O1,0.0
Cc1ncc([N+](=O)[O-])n1CC(C)O,0.0
O=C(NC(Cc1cc(=O)[nH]c2ccccc12)C(=O)O)c1ccc(Cl)cc1,0.0
CCCCCCNC(=O)n1cc(F)c(=O)[nH]c1=O,0.0
Cc1[nH]c(C)c(Cl)c(=O)c1Cl,0.0
NC(=O)C[S+]([O-])C(c1ccccc1)c1ccccc1,0.0
Cc1ccc(-c2nc3ccc(C)cn3c2CC(=O)N(C)C)cc1,1.0
CC1(C)OC2COC3(COS(N)(=O)=O)OC(C)(C)OC3C2O1,0.0
COc1ccc2cc1Oc1ccc(cc1)CC1c3c(cc4c(c3Oc3cc5c(cc3OC)CCN(C)C5C2)OCO4)CCN1C,1.0
CCN(CC)CCOc1ccc2c(c1)C(=O)c1cc(OCCN(CC)CC)ccc1-2,1.0
C=c1c(N)c(O)c2c(c1O)N1CC3NC3C1(OC)C=2COC(N)=O,1.0
Oc1c(Cl)cc(Cl)c2cccnc12,1.0
Oc1ccc(Cl)c2cccnc12,1.0
OCC1OC(Oc2ccc(O)cc2)C(O)C(O)C1O,0.0
OCCOCCN1CCN(C2=Nc3ccccc3Sc3ccccc32)CC1,0.0
O=C(NC(=O)c1c(F)cccc1F)Nc1cc(Cl)c(OC(F)(F)C(F)C(F)(F)F)cc1Cl,1.0
NC(=O)c1ncn(C2OC(CO)C(O)C2O)c1N,0.0
Cc1cc2c(s1)Nc1ccccc1N=C2N1CCN(C)CC1,0.0
OCC1OC(n2cnc3c(=S)[nH]cnc32)C(O)C1O,1.0
CC(C)(CO)C(O)C(=O)NCCCO,0.0
O=C1Nc2ccc(Cl)cc2C(C#CC2CC2)(C(F)(F)F)O1,1.0
CC1(Cn2ccnn2)C(C(=O)[O-])N2C(=O)CC2S1(=O)=O,0.0
CN(CC=CC#CC(C)(C)C)Cc1cccc2ccccc12,0.0
O=C1OC2(c3ccc([O-])cc3Oc3cc([O-])ccc32)c2ccccc21,0.0
NC(Cc1ccc(O)cc1)C(=O)O,0.0
O=C1CN=C(c2ccccc2)c2cc([N+](=O)[O-])ccc2N1,0.0
CC=C1C2C=C(C)CC1(N)c1ccc(=O)[nH]c1C2,0.0
Cc1c(I)c(=O)n(-c2ccccc2)n1C,0.0
CC(=O)CC(c1ccccc1)c1c([O-])c2ccccc2oc1=O,0.0
OC1C(O)C(O)C(O)C(O)C1O,0.0
CC12C=CC(=O)C=C1CCC1C2CCC2(C)C1CCC2(C)O,0.0
CCC1(CC)C(=O)NC(=O)NC1=O,0.0
CC(=O)Oc1ccc(C2(c3ccc(OC(C)=O)cc3)C(=O)Nc3ccccc32)cc1,0.0
CCN(CC)CCOC(=O)C(O)(c1ccccc1)c1ccccc1,0.0
CCN(CC)CCSC(=O)C(c1ccccc1)c1ccccc1,0.0
CCOC(=O)c1c(N)sc2c1CCN(Cc1ccccc1)C2,1.0
O=C1NC(=O)C2(CCOc3ccc(F)cc32)N1,0.0
COc1cc2ncnc(Nc3ccc(F)c(Cl)c3)c2cc1OCCCN1CCOCC1,1.0
COc1c(C)c2c(c(O)c1CC=C(C)CCC(=O)OCCN1CCOCC1)C(=O)OC2,1.0
Nc1ccc(C(=O)[O-])c(O)c1,0.0
O=C(O)CNC(=O)c1ccccc1,0.0
O=C1CCc2ccc(OCCCCN3CCN(c4cccc(Cl)c4Cl)CC3)cc2N1,1.0
CN1CCN(C(=O)OC2c3nccnc3C(=O)N2c2ccc(Cl)cn2)CC1,0.0
Cc1ccc(O)c(C(CCN(C(C)C)C(C)C)c2ccccc2)c1,0.0
CC1=C(C(=O)O)N2C(=O)C(NC(=O)C(N)c3ccccc3)C2SC1,0.0
CC1(CN2CCC(n3c(=O)[nH]c4ccccc43)CC2)OCc2ccccc2-n2cccc21,1.0
CN(C)CCc1ccc(O)cc1,0.0
CC1CCC2C(C)C(=O)OC3OC4(C)CCC1C32OO4,0.0
COc1cc2[nH]c(=O)[nH]c(=O)c2cc1OC,0.0
CCCCN1CCCC1C(=O)Nc1c(C)cc(C)cc1C,0.0
Nc1ccc(S(=O)(=O)NCc2ccccc2)cc1,0.0
NC(CS)C(=O)O,0.0
C[N+](C)(C)CCOC(=O)C(O)(c1ccccc1)c1ccccc1,0.0
CN1CCN(C2=Nc3cc(F)ccc3Cc3ccccc32)CC1,0.0
COc1ccc(C(=O)c2c(C)n(CCN3CCOCC3)c3ccccc23)cc1,0.0
O=C(O)Cc1sc(-c2ccccc2)nc1-c1ccc(Cl)cc1,0.0
CNc1c2c(nn1C)CCCC2,0.0
CCc1oc2ccccc2c1C(=O)c1cc(I)c(O)c(I)c1,0.0
Cc1nc2ccccc2n1Cc1ccc(Cl)cc1,1.0
COc1cc2c(cc1OC)C1CC(=O)C(CC(C)C)CN1CC2,0.0
COC(=O)C1=C(C)N=C(C)C(C(=O)OC)C1c1ccccc1OC(F)F,1.0
O=C(O)Cc1cn(-c2ccccc2)nc1-c1ccc(Cl)cc1,0.0
O=C(O)Cc1csc(-c2ccc(Cl)cc2)n1,0.0
Cc1cc(CC(=O)O)c(C)n1-c1ccc(Cl)cc1,0.0
CC(C)(C)C(=O)NCCCC(=O)O,0.0
CCNC(=O)NCc1cccc(Cl)c1,0.0
CCN(CC)CCOc1ccccc1C(=O)CCc1ccccc1,1.0
NNC(=O)CP(=O)(c1ccccc1)c1ccccc1,0.0
Nc1ncnc(Nc2ccccc2)n1,0.0
COc1c(O)c(C)c(C=CCCCCCCCCO)c(O)c1OC,1.0
CCN(C(C)=O)c1cccc(-c2ccnc3c(C#N)cnn23)c1,0.0
Clc1ccc2nsnc2c1NC1=NCCN1,0.0
CCC1Nc2cc(Cl)c(S(N)(=O)=O)cc2S(=O)(=O)N1,0.0
C=C1CC2C3=CC(C)=C4CC(=O)CCC4(C)C3CCC2(C)C1(OC(C)=O)C(C)=O,1.0
Cc1c(Cl)c(=O)oc2cc(OP(=O)(OCCCl)OCCCl)ccc12,1.0
c1ccc(OCc2ccc(CCCN3CCOCC3)cc2)cc1,1.0
CC(=O)Nc1ccc(OCCOCCOc2ccc(NC(C)=O)cc2)cc1,0.0
Cc1ccc2c(Br)cc(Br)c(O)c2n1,1.0
CCOc1cc(NC(C)=O)ccc1C(=O)OC,0.0
CN1CCN(c2cc3c(nn2)Oc2ccccc2N3C)CC1,0.0
O=C(Nc1ccc(Cl)c(Cl)c1)C1CC1,1.0
COc1ccc(S(=O)(=O)Nc2nnc(CC(C)C)s2)cc1,0.0
COc1ccc(C=NNC(=O)c2ccncc2)cc1OC,0.0
COC(c1ccccc1)(c1ccccc1)C(Oc1nc(C)cc(C)n1)C(=O)O,0.0
CN1CCC(O)(c2ccc(F)cc2)C(C(=O)c2ccc(F)cc2)C1,0.0
O=[N+]([O-])c1ccc(O)c2ncccc12,1.0
O=C(CCN1CCC(c2ccccc2)C1)c1ccc2c(c1)OCCO2,1.0
CCOC(=O)c1c(C)n(C)c2ccc(O)cc12,0.0
CCN(CC)CCOC(=O)C(C)(c1ccccc1)c1ccccc1,1.0
O=C(CN1CCN(Cc2ccc3c(c2)OCO3)CC1)N1c2ccccc2Sc2ccccc21,0.0
O=[N+]([O-])c1cccc(S(=O)(=O)NCCNS(=O)(=O)c2cccc([N+](=O)[O-])c2)c1,0.0
CCCOC(=O)c1ccc(N)cc1,0.0
Cc1cccc(C)c1NC(=O)c1ccccc1C(=O)O,0.0
COCCOC(=O)C1=C(C)N=C(C)C(C(=O)OCC=Cc2ccccc2)C1c1cccc([N+](=O)[O-])c1,1.0
OCCN1CCN(CCC=C2c3ccccc3Sc3ccc(C(F)(F)F)cc32)CC1,1.0
C=CCN1CCC23CCCCC2C1Cc1ccc(O)cc13,0.0
CCCN1CCCC2Cc3nc(N)ncc3CC21,0.0
CC(C)(C)NCC(O)c1cc(Cl)c(N)c(Cl)c1,0.0
C=CCN1CCc2nc(N)sc2CC1,0.0
CN1CC(NS(=O)(=O)N(C)C)CC2c3cccc4c3c(cn4C)CC21,0.0
CN1CCC(=C2c3ccccc3CCc3sccc32)CC1,1.0
CC(C[N+](C)(C)C)OC(N)=O,0.0
C[N+](C)(C)CCOC(N)=O,0.0
CC(O)CCCCn1c(=O)c2c(ncn2C)n(C)c1=O,0.0
CC(N)C(O)c1ccc(O)c(O)c1,0.0
CCCCCCCCOc1ccccc1C(=O)Nc1ccc(C(=O)OCC[N+](C)(CC)CC)cc1,1.0
Cc1cc(=O)n(-c2ccccc2)[nH]1,0.0
Cc1c(C(=O)NCCO)[n+]([O-])c2ccccc2[n+]1[O-],0.0
CCCCCCCCC=CCCCCCCCCN,1.0
Cc1c(C)n(CCN(C)C)c2ccc(C(=O)OCCN(C)C)cc12,1.0
COc1cc(C=C2CCCC(=Cc3ccc(O)c(OC)c3)C2=O)ccc1O,1.0
Cc1cc(NS(=O)(=O)c2ccc(N)cc2)nc(C)n1,0.0
CC(=O)Nc1ncc([N+](=O)[O-])s1,0.0
Cc1ccc(S(=O)(=O)NC(=O)NC2CCCC2)cc1,0.0
Cc1ccc(O)c2ncccc12,0.0
NC(C(=O)O)c1ccc(O)cc1,0.0
COc1ccccc1OC(=O)Oc1ccccc1OC,0.0
CC(O)C(N)C(=O)O,0.0
CCN(CC)CCNC(C(=O)OCCC(C)C)c1ccccc1,0.0
NC(C(=O)O)C(O)c1ccc(O)c(O)c1,0.0
O=C(CCN1CCN2CCCC2C1)N1c2ccccc2Sc2ccc(Cl)cc21,0.0
NC(=O)NS(=O)(=O)c1ccc(N)cc1,0.0
N#CC(=C1SCC(c2ccccc2Cl)S1)n1ccnc1,1.0
CCOC(=O)C1=C(C)N=C(C)C(C(=O)OCC)C1c1ccccc1C=CC(=O)OC(C)(C)C,1.0
CN(CCOc1ccc(NS(C)(=O)=O)cc1)CCc1ccc(NS(C)(=O)=O)cc1,0.0
Nc1nc(Cl)nc2c1ncn2C1OC(CO)C(O)C1F,1.0
NC(CSCCCO)C(=O)O,0.0
Oc1cc2cc(CCN3CCN(c4nsc5ccccc45)CC3)c(Cl)cc2[nH]1,1.0
Cc1c(C(=O)NN2CCCCC2)nn(-c2ccc(Cl)cc2Cl)c1-c1ccc(Cl)cc1,1.0
CCN(CC)CCN1C(=O)CN=C(c2ccccc2F)c2cc(Cl)ccc21,0.0
Cc1cccc(C)c1OCC(=O)NC(Cc1ccccc1)C(O)CC(Cc1ccccc1)NC(=O)C(C(C)C)N1CCCNC1=O,1.0
CN1C(=O)CN=C(c2ccccc2)c2cc([N+](=O)[O-])ccc21,0.0
Cc1ccc(-c2ncc(Cl)cc2-c2ccc(S(C)(=O)=O)cc2)cn1,0.0
NC(=O)OCCCc1ccccc1,0.0
CC12CCC(=O)C=C1C1CC1C1C2CCC2(C)C1C1CC1C21CCC(=O)O1,1.0
CCOC(=O)OC1(C(=O)OCCl)CCC2C3CC=C4CC(=O)C=CC4(C)C3C(O)CC21C,0.0
COc1cccc(N(C)C(=S)Oc2ccc3c(c2)CCCC3)n1,0.0
CC(C)(C)c1ccc(C(=O)CCCN2CCC(OC(c3ccccc3)c3ccccc3)CC2)cc1,1.0
C#CC1(O)C=CC2C3CC=C4CC(=O)CCC4C3CCC21CC,0.0
Cc1nc(=O)c2cc(CN(C)c3ccc(C(=O)NC(CCC(=O)O)C(=O)O)s3)ccc2[nH]1,0.0
CC1CCc2c(N3CCC(O)CC3)c(F)cc3c(=O)c(C(=O)O)cn1c23,0.0
CC(C)(C)C(=O)OCOP(=O)(COCCn1cnc2c(N)ncnc21)OCOC(=O)C(C)(C)C,1.0
COCc1c(-c2ccc(F)cc2)c(=CCC(O)CC(O)CC(=O)[O-])c(C(C)C)nc1=C(C)C,1.0
COC(=O)C1=C(C)N=C(C)C(C(=O)OCC(C)C)C1c1ccccc1[N+](=O)[O-],1.0
CC(CN1CC(=O)NC(=O)C1)N1CC(=O)NC(=O)C1,0.0
O=C(O)Cc1ccc(CCNS(=O)(=O)c2ccc(Cl)cc2)cc1,0.0
CCN(CC)CCOc1ccc(C(O)(Cc2ccc(Cl)cc2)c2ccc(C)cc2)cc1,1.0
O=C(O)C(O)c1ccccc1,0.0
CC(=O)NC(CCC(=O)O)C(=O)O,0.0
O=C(O)C1CSCN1,0.0
Nc1ncn(C2CC(O)C(CO)O2)c(=O)n1,0.0
CC12CCC3c4ccc(O)cc4CCC3C1CC(O)C2O,1.0
O=c1c(-c2ccccc2)c1-c1ccccc1,1.0
CCCCCCCCCCCCCCCC[N+](C)(C)CC,1.0
CCOc1ccc(NC(=O)CC(C)O)cc1,0.0
C#CC1(O)CCC2C3CCc4cc(OC5CCCC5)ccc4C3CCC21C,1.0
CC(C)(C)C(=O)C(Oc1ccc(Cl)cc1)n1ccnc1,0.0
O=C(Nc1ccc([N+](=O)[O-])cc1)Nc1ccc([N+](=O)[O-])cc1,1.0
NCc1ccccc1Sc1ccccc1CO,0.0
O=C(Cn1ccnc1[N+](=O)[O-])NCc1ccccc1,0.0
N#CCC(=O)NN,0.0
CCOC(=O)C(C#N)=C(c1ccccc1)c1ccccc1,0.0
CCN1C(=CC=Cc2sc3ccccc3[n+]2CC)Sc2ccccc21,1.0
OCC(O)C(O)C(OC1OC(CO)C(O)C(O)C1O)C(O)CO,0.0
O=c1[nH]c(=O)n(C2CC(O)C(CO)O2)cc1C(F)(F)F,0.0
Clc1ccc(C(Cn2ccnc2)OCc2ccsc2Cl)c(Cl)c1,1.0
CC1=NC(=N)C(C(=O)OC2CN(C(c3ccccc3)c3ccccc3)C2)C(c2cccc([N+](=O)[O-])c2)C1C(=O)OC(C)C,1.0
O=C(OC1CC2CCC(C1)[N+]21CCCC1)C(O)(c1ccccc1)c1ccccc1,0.0
COc1ccccc1Oc1c(NS(=O)(=O)c2ccc(C(C)(C)C)cc2)nc(-c2ncccn2)nc1OCCO,0.0
CCCNC1CCc2nc(N)sc2C1,0.0
CCCSSC(CCO)=C(C)N(C=O)Cc1cnc(C)nc1N,1.0
CC(CSC(=O)c1ccccc1)C(=O)N1CC(Sc2ccccc2)CC1C(=O)O,0.0
CC(=C(CCOC(=O)C(C)C)SSC(CCOC(=O)C(C)C)=C(C)N(C=O)Cc1cnc(C)nc1N)N(C=O)Cc1cnc(C)nc1N,0.0
C#CC1(O)CCC2C3=C(C=CC21CC)C1=C(CC3)CC(=O)CC1,1.0
O=C([O-])COc1nn(Cc2ccccc2)c2ccccc12,0.0
CC(=O)OC1CC2CCC3C(CCC4(C)C3CC([N+]3(C)CCCCC3)C4OC(C)=O)C2(C)CC1N1CCCCC1,0.0
CCCCN(CCCC)CC(O)c1cc(Cl)cc2c1-c1ccc(Cl)cc1C2=Cc1ccc(Cl)cc1,0.0
CS(=O)(=O)CCNCc1ccc(-c2ccc3ncnc(Nc4ccc(OCc5cccc(F)c5)c(Cl)c4)c3c2)o1,1.0
Nc1nc(O)c(-c2ccccc2)o1,0.0
CCC(C)(C)c1ccc(CC(C)CN2CC(C)OC(C)C2)cc1,0.0
CCOC(=O)c1ccc(C#Cc2ccc3c(c2)C(C)(C)CCS3)nc1,1.0
NC(=O)NC(CCC(=O)O)C(=O)O,0.0
CC1CCN(CCCC(=O)c2ccc(F)cc2)CC1,0.0
O=C1OC(OC(=O)c2cccnc2Nc2cccc(C(F)(F)F)c2)c2ccccc21,0.0
C=CCn1c(=O)n(C2OC(CO)C(O)C2O)c2[nH]c(N)nc(=O)c21,0.0
CC(C(=O)O)c1ccc2c(c1)Cc1cccnc1O2,0.0
CC1(C)OC2CC3C4CC=C5CC(=O)C=CC5(C)C4C(O)CC3(C)C2(C(=O)CO)O1,0.0
O=C(CCCCCCC(O)=NO)Nc1ccccc1,1.0
CC(C)Cn1cnc2c1c(=O)n(C)c(=O)n2C,0.0
O=C1C(I)=CC(=C(c2cc(I)c([O-])c(I)c2)c2ccccc2C(=O)[O-])C=C1I,0.0
CC(C)=CC1C(C(=O)OCN2C(=O)C3=C(CCCC3)C2=O)C1(C)C,0.0
Cn1cc(O)nc1NC(=O)Nc1cccc(Cl)c1,0.0
CCCN(CCc1cccs1)C1CCc2c(O)cccc2C1,1.0
COC1CC(=C(c2cccs2)c2cccs2)C[N+](C)(C)C1,0.0
CN(c1nc(=O)cc[nH]1)C1CCN(c2nc3ccccc3n2Cc2ccc(F)cc2)CC1,1.0
Nc1nc(-c2ccccc2)c(Br)c(=O)[nH]1,0.0
CC(C)CC(NC(=O)C(Cc1ccccc1)NC(=O)c1cnccn1)B(O)O,1.0
O=c1cc[nH]c(=O)[nH]1,0.0
CCCC(=O)OC1(C(=O)CCl)C(C)CC2C3CC=C4CC(=O)C=CC4(C)C3(F)C(=O)CC21C,0.0
O=C([O-])CC(O)C(=O)[O-],0.0
O=[N+]([O-])c1ccc([As](=O)(O)O)cc1,0.0
CCC(C)C(N)C(=O)O,0.0
Cn1c(CCCC(=O)O)nc2cc(N(CCCl)CCCl)ccc21,0.0
CC12Cc3nonc3CC1CCC1C2CCC2(C)C1CCC2(C)O,1.0
Cc1cc(C)c(NC(=O)CN(CC(=O)O)CC(=O)O)c(C)c1Br,0.0
CCCC(=O)OCC(OC(=O)CCC)C(OC(=O)CCC)C(Cn1c2nc(=O)[nH]c(=O)c-2nc2cc(C)c(C)cc21)OC(=O)CCC,0.0
CCCCOC(=O)CC(CC(=O)OCCCC)(OC(C)=O)C(=O)OCCCC,0.0
CC(=O)OC12COC1CC(O)C1(C)C(=O)C(=O)C3C(C)C(OC(=O)C(O)C(NC(=O)OC(C)(C)C)c4ccccc4)CC(O)(C(OC(=O)c4ccccc4)C21)C3(C)C,1.0
N=C(N)N=NC(C=Cc1ccc([N+](=O)[O-])o1)=CCc1ccc([N+](=O)[O-])o1,1.0
NC(Cc1ccc(Oc2cc(I)c(O)c(I)c2)c(I)c1)C(=O)O,0.0
Clc1ccc(Nc2nnc(Cc3ccncc3)c3ccccc23)cc1,1.0
C#CC1(OC(C)=O)CCC2C3CCC4=CC(=NO)CCC4C3CCC21CC,1.0
C[N+]1(CC2COC(c3ccccc3)(C3CCCCC3)O2)CCCCC1,1.0
CC1N=C(N)OC1c1ccccc1,0.0
CCOc1ccc(Cc2nc3cc([N+](=O)[O-])ccc3n2CCN(CC)CC)cc1,1.0
CC(=O)OC1(c2ccccc2)CCN(CCc2ccccc2)CC1,1.0
CCC(=O)N(c1ccc(F)cc1)C1CCN(CCc2ccccc2)CC1,1.0
CC(CC(C#N)(c1ccccc1)c1ccccc1)N(C)C,1.0
CCC1(CCC(C)C)C(=O)NC(=O)NC1=O,0.0
C=CCC1(C(C)CCC)C(=O)NC(=O)NC1=O,0.0
Cc1nc2ccccc2c(=O)n1-c1ccccc1Cl,1.0
COc1ccc2c3c1OC1C(O)CCC4C(C2)N(C)CCC341,0.0
CN1CCC23c4c5ccc(O)c4OC2C(O)CCC3C1C5,0.0
CC(=O)SCC(C)C(=O)N1CCCC1C(=O)NC(Cc1ccccc1)C(=O)O,0.0
O=C(O)c1ccc(-n2nc(-c3ccccc3O)nc2-c2ccccc2O)cc1,1.0
CCCCC(=O)OCC(=O)C1C(C)CC2C3CC(F)C4=CC(=O)C=CC4(C)C3(F)C(O)CC21C,0.0
CCc1cc2c(s1)-n1c(C)nnc1CN=C2c1ccccc1Cl,0.0
O=C([O-])c1ccccc1Nc1cc(Cl)ccc1C(=O)[O-],0.0
O=P([O-])([O-])OCC(O)CO,0.0
CC1(C)SC2C(NC(=O)C(c3ccccc3)S(=O)(=O)[O-])C(=O)N2C1C(=O)[O-],0.0
CC(C)c1nc(CN(C)C(=O)NC(C(=O)NC(Cc2ccccc2)CC(O)C(Cc2ccccc2)NC(=O)OCc2cncs2)C(C)C)cs1,1.0
N#CC(=C1SCC(c2ccc(Cl)cc2Cl)S1)n1ccnc1,0.0
Cc1cccc(C)c1NC(=O)c1cc(S(N)(=O)=O)c(Cl)cc1O,0.0
CN1CCC(=C2c3ccccc3CCc3cccnc32)CC1,0.0
CCN(CC)Cc1nccn1-c1ccc([N+](=O)[O-])cc1C(=O)c1ccccc1Cl,0.0
NC(=O)Cc1cccc(C(=O)c2ccccc2)c1N,0.0
COC(=O)C1=C(C)N=C(C)C(C(=O)OCC(C)=O)C1c1ccccc1[N+](=O)[O-],0.0
CCCCc1oc2ccc(NS(C)(=O)=O)cc2c1C(=O)c1ccc(OCCCN(CCCC)CCCC)cc1,1.0
CC1CNCCc2ccc(Cl)cc21,0.0
CC(=O)OC(C)OC(=O)C(C)c1ccc(-c2ccccc2)c(F)c1,0.0
Oc1ccc(CCNCCCCCCNCCc2ccccc2)cc1O,1.0
O=C(CS)Nc1ccccc1,0.0
Cc1nccn1CC1CCc2c(c3ccccc3n2C)C1=O,0.0
O=C(O)CCCCC1SCC2NC(=O)NC21,0.0
CN(C(=O)Cc1ccc(Cl)c(Cl)c1)C1CCC2(CCCO2)CC1N1CCCC1,0.0
NC(Cc1cc(I)c(O)c(I)c1)C(=O)O,0.0
O=C(Nc1ccc(Cl)cc1)Nc1ccc(Cl)c(C(F)(F)F)c1,1.0
CC(=O)OCC(=O)C1(O)CCC2C3CC=C4CC(=O)CCC4(C)C3C(O)CC21C,0.0
CC(C)CC(NC(=O)C(CCc1ccccc1)NC(=O)CN1CCOCC1)C(=O)NC(Cc1ccccc1)C(=O)NC(CC(C)C)C(=O)C1(C)CO1,1.0
COP(=S)(OC)Oc1ccc(S(N)(=O)=O)cc1,0.0
COC(=O)NC(C(=O)NC(Cc1ccccc1)C(O)CN(Cc1ccc(-c2ccccn2)cc1)NC(=O)C(NC(=O)OC)C(C)(C)C)C(C)(C)C,0.0
Nc1nnnn1-c1ccccc1,0.0
CCCCCCCCCCCC[N+](C)(C)Cc1ccccc1,1.0
CCN(CC)CCOc1ccc(C(=C(Cl)c2ccccc2)c2ccccc2)cc1,1.0
Fc1ccc(C2CCNCC2COc2ccc3c(c2)OCO3)cc1,1.0
CN1C(CSCC(F)(F)F)Nc2cc(Cl)c(S(N)(=O)=O)cc2S1(=O)=O,1.0
C[N+]1(C)CCC(OC(=O)C(O)(c2ccccc2)C2CCCC2)C1,0.0
CCOC(=O)NNc1ccc(N(CC)CC(C)O)nn1,0.0
O=C(O)CSCC(=O)NC1CCSC1=O,0.0
CC(C)=CCOc1c2occc2cc2ccc(=O)oc12,0.0
ClCCN(CCCl)CCCl,1.0
O=C(Nc1ccc(S(=O)(=O)N2CCOCC2)cc1)c1cc(Cl)ccc1NS(=O)(=O)c1ccc(Cl)s1,0.0
CCOC(=O)c1ncn2c1CN(C)C(=O)c1c(I)cccc1-2,0.0
O=C(CCCCCCCCC#CI)Oc1ccccc1,1.0
Cc1ccccc1C(=O)Nc1ccc(C(=O)N2CCCC(O)c3cc(Cl)ccc32)c(C)c1,1.0
C[N+]1(CC2COC(c3ccccc3)(c3ccccc3)O2)CCCCC1,0.0
O=C(O)Cc1cccc(-c2cc(CCCCCCc3ccc(OC4OC(CO)C(O)C(O)C4O)c(-c4cccc(CC(=O)O)c4)c3)ccc2OC2OC(CO)C(O)C(O)C2O)c1,0.0
O=C(O)CNC(=O)CNC(=O)CNC(=O)CSC(=O)c1ccccc1,0.0
CCC(C(=O)NC(=O)NC(C)=O)c1ccccc1,0.0
CCN1CCN(c2cc(-c3ccc(F)cc3)c3c(n2)CCCCCC3)CC1,0.0
CC(=O)Nc1ccn(C2COC(COC(=O)c3ccccc3)O2)c(=O)n1,0.0
CCOC(=O)NC(C)(C)Cc1ccc(Cl)cc1,0.0
CC[N+](CC)(CC)CCOC(=O)C(C1CCCC1)C1CCCC1,1.0
CCCCCCCCCCCCCCCCCCNC(=O)OC1CCN(C(=O)OCC(COC(=O)N(Cc2cccc[n+]2CC)C(=O)c2ccccc2OC)OC)CC1,1.0
CCN1C(=O)c2ccccc2C1Nc1ccc(OCCN2CCCCC2)cc1,1.0
Nc1c(NCC=CCOc2cc(CN3CCCCC3)ccn2)c(=O)c1=O,0.0
CN1C2CCC1CC(NC(=O)n1c(=O)[nH]c3ccccc31)C2,0.0
CCOC(=O)Cn1cccc1-c1nc(-c2ccc(OC)cc2)c(-c2ccc(OC)cc2)s1,0.0
CCNC(=O)NCCCOc1cccc(CN2CCCCC2)c1,0.0
CC(C)(C)NCC(O)c1ccc(O)cc1Cl,0.0
O=C(CCCN1CCN(c2ccc(F)cc2)CC1)NC1c2ccccc2CSc2ccccc21,1.0
COC(=O)C1=C(C)N=C(COC(N)=O)C(C(=O)OC(C)C)C1c1cccc(Cl)c1Cl,1.0
CCC1CC2C3CC=C4CC(=O)CCC4C3CCC2(C)C1O,1.0
CCCCCC1Nc2cc(C(F)(F)F)c(S(N)(=O)=O)cc2S(=O)(=O)N1,0.0
O=[N+]([O-])c1nccn1COC(CO)C(O)CO,0.0
CC[N+]1(CC)CCC(=C(c2ccccc2)c2ccccc2)C1C,1.0
Oc1cccc(C2=C3C=CC(=N3)C(c3cccc(O)c3)=C3C=CC(=N3)C(c3cccc(O)c3)=C3CCC(=N3)C(c3cccc(O)c3)=C3C=CC2=N3)c1,1.0
Cc1cccc(N(C)C(=S)Oc2ccc3c(c2)CCC3)c1,0.0
Cc1nnc2n1-c1sc(CCc3ccc(CC(C)C)cc3)cc1C(c1ccccc1Cl)=NC2C,1.0
CCCOC(=O)Cc1ccc(OCC(=O)N(CC)CC)c(OC)c1,0.0
COc1ccc2c(C(=O)c3ccc(Cl)cc3)c(C)n(CC(=O)O)c2c1,0.0
CC(=O)c1ccc(OCC(=O)N2CCCCC2)cc1,0.0
Cn1cc([S+](C)[O-])c(=O)c2ccc(F)cc21,0.0
COc1ccc2c(C(=S)N(C)CC(=O)O)cccc2c1C(F)(F)F,0.0
CN1CCC(N(Cc2cccs2)c2ccccc2)CC1,0.0
Oc1c2c(c(O)n1CCCCN1CCN(c3ncccn3)CC1)C1CCC2C1,0.0
COc1cc(C(=O)OC(COCCC(C)C)CN2CCOCC2)cc(OC)c1OC,0.0
CC(=O)Oc1ccc(C2(c3ccc(OC(C)=O)cc3)Oc3ccccc3NC2=O)cc1,1.0
CCCN(CCC)C(=O)C(CCC(=O)OCCCN1CCN(CCOC(=O)Cc2c(C)n(C(=O)c3ccc(Cl)cc3)c3ccc(OC)cc23)CC1)NC(=O)c1ccccc1,1.0
CCOP(=O)(CC)Oc1ccc([N+](=O)[O-])cc1,0.0
CN(CC1(C)CCCO1)S(=O)(=O)c1ccc(Cl)c(S(N)(=O)=O)c1,0.0
O=C1NC2CCCCN2C12CCN(CCCN1c3ccccc3CCc3ccc(Cl)cc31)CC2,1.0
CC(C(O)c1ccccc1)N(C)CCOC(c1ccccc1)c1ccccc1,1.0
CCOC(=O)c1ccc(NC(=O)CN2CCCCC2)cc1,0.0
C=CCOc1cc(Cl)ccc1C(=O)NCCN(CC)CC,0.0
CCCCc1c(O)[nH]c(=O)n(C2CCCCC2)c1=O,0.0
O=C1CCC(C(=O)N2CCCCC2)N1,0.0
CC(CN1CCCC1)C(=O)c1ccc(C(F)(F)F)cc1,1.0
Cc1c(N)c(=O)n(-c2ccccc2)n1C,0.0
C=CCC1(O)CCC2C3=C(C=CC21C)C1=C(CC3)CC(=O)CC1,1.0
C=CC(=O)Nc1cc2c(Nc3ccc(F)c(Cl)c3)ncnc2cc1OCCCN1CCOCC1,1.0
Cn1cnc2c(F)c(Nc3ccc(Br)cc3Cl)c(C(=O)NOCCO)cc21,0.0
O=C(NOCC1CC1)c1ccc(F)c(F)c1Nc1ccc(I)cc1Cl,1.0
COc1cc2c(N3CCN(C(=O)Nc4ccc(OC(C)C)cc4)CC3)ncnc2cc1OCCCN1CCCCC1,1.0
Cn1cc(C2=C(c3cn(C4CCN(Cc5ccccn5)CC4)c4ccccc34)C(=O)NC2=O)c2ccccc21,0.0
NC1(c2ccc(-c3nc4ccn5c(=O)[nH]nc5c4cc3-c3ccccc3)cc2)CCC1,1.0
COc1cc(C(=O)NC2CCCNC2)cc(OC)c1OC,0.0
Cc1ccc(-n2nc(C(C)(C)C)cc2NC(=O)Nc2ccc(OCCN3CCOCC3)c3ccccc23)cc1,1.0
CC(=O)NC(CCC(N)=O)C(=O)O,0.0
CC(=O)C1(O)CCC2C3CC(C)=C4CC(=O)CCC4(C)C3CCC21C,1.0
O=C1NCCN1CCN1CCC(c2cn(-c3ccc(F)cc3)c3ccc(Cl)cc23)CC1,1.0
CC(NC(CCc1ccccc1)C(=O)O)C(=O)N1CCCC1C(=O)O,1.0
CC(=O)OCC[N+](C)(C)C,0.0
O=C(c1ccccc1)c1ccccc1,0.0
COc1ccc2c(c1)c(CC(=O)OCC(=O)O)c(C)n2C(=O)c1ccc(Cl)cc1,0.0
CC(=O)OCC(=O)C1(O)CCC2C3CC=C4CC(=O)CCC4(C)C3C(=O)CC21C,0.0
CN(C(=O)C(Cl)Cl)c1ccc(OC(=O)c2ccco2)cc1,0.0
CC12CCC(=O)C=C1CCC1C2C(O)CC2(C)C1CCC2(O)C(=O)COC(=O)CCC(=O)[O-],0.0
Nc1ncnc2c1ncn2C1OC2COP(=O)(O)OC2C1O,0.0
COc1cc(C=O)ccc1O,0.0
OC1(c2ccc(Cl)c(C(F)(F)F)c2)CCN(CCCC(c2ccc(F)cc2)c2ccc(F)cc2)CC1,1.0
O=C(O)c1ccccc1S,0.0
CCN(CC)CCOC(=O)C1(C2CCCCC2)CCCCC1,1.0
CC1CC(C)C(=O)C(C(O)CC2CC(=O)NC(=O)C2)C1,1.0
CCCN(CCC)C(=O)Cc1c(-c2ccc(Cl)cc2)nc2ccc(Cl)cn12,1.0
Cc1nnc2n1-c1sc(CCC(=O)N3CCOCC3)cc1C(c1ccccc1Cl)=NC2,0.0
CN1CC2c3ccccc3Oc3ccc(Cl)cc3C2C1,0.0
C[N+](C)(CCOc1ccccc1)Cc1cccs1,0.0
Cc1nc2n(c(=O)c1CCN1CCC(c3noc4cc(F)ccc34)CC1)CCCC2O,0.0
COc1cc(C(C)=O)ccc1OCCCN1CCC(c2noc3cc(F)ccc23)CC1,1.0
CN1C(=O)CC(C)(c2ccccc2)C1=O,0.0
CCC(C(C)O)n1ncn(-c2ccc(N3CCN(c4ccc(OCC5COC(Cn6cncn6)(c6ccc(F)cc6F)C5)cc4)CC3)cc2)c1=O,1.0
O=S([O-])OCC1OC(OC2(COS(=O)[O-])OC(COS(=O)[O-])C(OS(=O)[O-])C2OS(=O)[O-])C(OS(=O)[O-])C(OS(=O)[O-])C1OS(=O)[O-],0.0
CC(C(=O)O)c1ccc2c(c1)CC(=O)c1ccccc1S2,0.0
COc1cc2nc(N3CCN(C(=O)c4ccco4)CC3)nc(N)c2cc1OC,0.0
c1ccc2c(c1)Sc1ccccc1N2CC1CN2CCC1CC2,1.0
O=C(O)Cn1c(=O)n(Cc2ccc(Br)cc2F)c(=O)c2ccc(Cl)cc21,1.0
O=C(c1cc(O)c(O)c(O)c1)c1ccc(O)c(O)c1O,0.0
CCN(CC)CC(=O)OCC(=O)C1(O)CCC2C3CC=C4CC(=O)CCC4(C)C3C(O)CC21C,0.0
CC(C)(C)CC(=O)OCC(=O)C1(O)CCC2C3CC=C4CC(=O)C=CC4(C)C3C(O)CC21C,1.0
CC(C)NCCCC1(C(N)=O)c2ccccc2-c2ccccc21,0.0
CN(C)CCOC(c1ccccc1)c1ccc(Br)cc1,1.0
O=C1NC(c2ccccc2)(c2ccccc2)C(=O)N1COP(=O)(O)O,0.0
CC(C(O)c1ccccc1)N(C)CC=Cc1ccccc1,0.0
N#CSCC(=O)[O-],0.0
CC1CC2C3CC=C4CC(=O)C=CC4(C)C3(F)C(O)CC2(C)C1(O)C(=O)COC(=O)c1ccncc1,0.0
NS(=O)(=O)c1ccc(N2CCCCS2(=O)=O)cc1,0.0
CCC(C(=O)OCCN1CCOC(c2ccccc2)C1C)c1ccccc1,1.0
CCC(=O)C(CCN(C)C)(c1ccccc1)c1ccccc1,0.0
Cc1ccc(Cl)c(OCC(O)CNC(C)(C)C)c1,0.0
CCCCN(CCN(CCCC)C(=O)N1CCOCC1)C(=O)N1CCOCC1,0.0
O=C1CN2CCOC2(c2ccccc2Cl)c2cc(Cl)ccc2N1,0.0
CCC(=O)Oc1ccc2c(c1)CCC1C2CCC2(C)C1CC(OC(=O)CC)C2OC(=O)CC,0.0
CC12CCC3C4=C(CCC3C1CCC2OC(=O)CCc1ccco1)CC(=O)CC4,0.0
CC12CCC3C4=C(CCC3C1CCC2OC(=O)CCC1CCCCC1)CC(=O)CC4,0.0
CC(=C(OCCOc1ccc(Cl)cc1)c1ccc(Cl)cc1Cl)n1ccnc1,1.0
CC(C)(Oc1ccc(Cl)cc1)C(=O)OCCCOC(=O)C(C)(C)Oc1ccc(Cl)cc1,0.0
CC(C)Cc1ccc(C(C)C(=O)OCc2ccccn2)cc1,1.0
CC1CCCC(C)N1CCCC(O)(c1ccccc1)c1ccccn1,0.0
CCCc1ccc(OCC(=O)N2CCN(C(=O)COc3ccc(CCC)cc3OC)CC2)c(OC)c1,1.0
CCCCCOc1ccccc1C(=CSC)n1ccnc1,1.0
CCN(CC)CC(=O)Nc1c(C)cccc1C(=O)OC,0.0
COc1ccc(-n2nc(CCC(=O)N(C)O)cc2-c2ccc(Cl)cc2)cc1,1.0
[O-][n+]1cccc(C(Cl)=NOCC(O)CN2CCCCC2)c1,0.0
CCC(=O)OC1(C(=O)COC)C(C)CC2C3CC=C4CC(=O)C=CC4(C)C3(F)C(O)CC21C,0.0
CCC(=O)OC1C=C2CCC3C(CCC4(C)C(OC(=O)CC)CCC34)C2CC1,0.0
COc1ccc2c(c1)c(CC(=O)OCC=C(C)CCC=C(C)CCC=C(C)C)c(C)n2C(=O)c1ccc(Cl)cc1,0.0
CC1CCCCN1CCCOC(=O)c1ccc(OC2CCCCC2)cc1,1.0
NC(=O)C1(N2CCCCC2)CCN(CCCN2c3ccccc3CCc3ccc(Cl)cc32)CC1,1.0
CC1C=C2CC(=O)CCC2C2CCC3(C)C(CCC3(C)O)C12,1.0
COC(=O)C1=C(C)N=C(C)C(C(=O)OCCc2ccc(N3CCN(C(c4ccccc4)c4ccccc4)CC3)cc2)C1c1cccc([N+](=O)[O-])c1,0.0
NS(=O)(=O)c1cc2c(cc1Cl)CN(C1CCCCC1)C2=O,1.0
CCOC(=O)C1(c2ccccc2)CCN(CCc2ccc(N)cc2)CC1,0.0
CCOc1nc(=O)c(F)c[nH]1,0.0
CC(C)(C)C1CCC(=Cc2c(O)c(O)c3ccccc3c2O)CC1,0.0
Nc1nc2ccccc2n1Cc1ccc(F)cc1,1.0
Cc1nc(N)nc(N)c1-c1ccc(Cl)c(Cl)c1,1.0
Cc1cc(CCCOc2c(C)cc(-c3noc(C(F)(F)F)n3)cc2C)on1,1.0
COc1cc(OC)nc(OC(C(=O)O)C(OC)(c2ccccc2)c2ccccc2)n1,0.0
Cc1c(N)cccc1C(F)(F)F,0.0
CC1Sc2c(C(=O)O)c(=O)c3cc(F)c(N4CCNCC4)cc3n21,0.0
COc1ccc2cccc(CCNC(C)=O)c2c1,0.0
CC(C)=CCNc1ncnc2c1ncn2C1OC(CO)C(O)C1O,1.0
COc1cc(S(N)(=O)=O)cc(C(=O)O)c1OC,0.0
Nc1ccc([N+](=O)[O-])c(C(F)(F)F)c1,0.0
CCOC(=O)N1CCC(=O)CC1,0.0
COc1ccc(C2Sc3ccccc3NC(=O)C2O)cc1,1.0
CC(C)OP(=O)(CP(=O)(OC(C)C)OC(C)C)OC(C)C,0.0
COc1cc2nc(Cl)nc(N)c2cc1OC,0.0
COC(=O)c1cc(Cl)ccc1OC,0.0
CCOC(=O)C(=O)CCCCCCl,0.0
CC(=O)c1cc2ccccc2s1,0.0
CCCC(=O)Nc1ccc(O)c(C(C)=O)c1,0.0
O=c1[nH]c2ccccc2c(=O)n1CCCl,0.0
COC(=O)c1nc(Cl)c(Cl)nc1N,1.0
COc1ccc(Cl)cc1C(=O)NCCc1ccc(S(N)(=O)=O)cc1,0.0
Fc1ccc(C(c2ccc(F)cc2)N2CCNCC2)cc1,1.0
COc1cc(C=CC(N)=O)cc(OC)c1OC,0.0
O=c1[nH]c2cc(Cl)ccc2n1C1CCNCC1,0.0
ClCc1cccc(Cl)c1,0.0
COC(=O)c1cc(Cl)c(NC(C)=O)cc1OC,0.0
Cc1cc(=O)oc2cc(OC3SCC(O)C(O)C3O)ccc12,0.0
CCCc1ncc(C(=O)O)s1,0.0
CCOC(=O)C(c1c(O)c2ccccc2oc1=O)c1c(O)c2ccccc2oc1=O,0.0
CCOC(C(=O)OCCN(C)C)(c1ccccc1)c1ccccc1,0.0
CCOC(=O)N1CCC(n2c(=O)[nH]c3cc(Cl)ccc32)CC1,1.0
Cc1oc(-c2ccccc2)nc1CCC(=O)c1ccc(Cc2sc(=O)[nH]c2O)cc1,0.0
Cc1cn(C2OC(CO)C(O)C2F)c(=O)[nH]c1=O,0.0
COCCCN1CCC(NC(=O)c2cc(Cl)c(N)c3c2OCC3)CC1,0.0
CC(C)=CCCC(C)=CCCC(C)=CC(=O)OCC(=O)C1(O)CCC2C3CC=C4CC(=O)C=CC4(C)C3C(O)CC21C,1.0
CC(C)(C)NCC(O)COc1ccccc1OCC1CCCO1,0.0
CN1C2CCC(C)(C)C1CC(OC(=O)C(O)(c1cccs1)c1cccs1)C2,0.0
O=C(O)CCCC[P+](c1ccccc1)(c1ccccc1)c1ccccc1,0.0
CCCCN(CCCC)C(C(N)=O)c1ccc(OC)cc1,0.0
CC(=O)OC1CCC2(C)C(=CCC3C2CCC2(C)C(C(C)=O)=CCC32)C1,0.0
O=C(CCCl)NCc1ccccc1,0.0
O=C(OCCN1CCOCC1)c1cccnc1Nc1cccc(C(F)(F)F)c1,1.0
CC(C)C(=O)Nc1cccc(C(F)(F)F)c1,0.0
O=C1CC(c2ccc(Cl)cc2)CC(=O)N1,0.0
O=C1Nc2cc(Cl)ccc2Oc2ccccc21,0.0
CC(C)c1cc2c(cc1S(=O)(=O)O)C1(C)CCCC(C)(C(=O)[O-])C1CC2,0.0
Cc1nc2n(c(=O)c1CCN1CCC(C(=O)c3ccc(F)cc3)CC1)CCS2,1.0
O=c1[nH]c(=O)n(C2OC(CO)C(O)C2O)cc1C=CBr,0.0
CCCC(=O)OC1(C(=O)CC)CCC2C3CC=C4CC(=O)CCC4(C)C3C(O)CC21C,1.0
C=C(C)C(=O)OCC(O)CO,0.0
CCc1cc2cc(OC)c(OC)cc2c(Cc2ccccc2)n1,1.0
CC(Oc1c(Cl)cccc1Cl)C1=NCCN1,0.0
CC#CC1(O)CCC2C3CC(C)=C4CC(=O)CCC4(C)C3CCC21C,1.0
CCN(CC)C(=O)C1CN2CCc3cc(OC)c(OC)cc3C2CC1OC(C)=O,0.0
NS(=O)(=O)c1cc(C(=O)NN2CC3C4CCC(C4)C3C2)ccc1Cl,0.0
CC(Cc1ccccc1)N(C)Cc1ccco1,0.0
O=C(OCC1CO1)C1CCCCC1C(=O)OCC1CO1,1.0
CCOP(=S)(CC)Sc1ccccc1,0.0
CC1CCC(C(C)C)C(O)C1,0.0
CC(=CC1CCC(C)C2C1=C(C)CC2O)C(=O)O,0.0
O=c1[nH][nH]c(=O)c2cc([N+](=O)[O-])ccc12,0.0
O=Cc1ccc(Cl)c(Cl)c1,0.0
C=C(Cl)CSC(=S)N(CC)CC,0.0
CN1C(=O)C(O)N=C(c2ccccc2)c2cc(Cl)ccc21,1.0
O=C1OC(=O)c2cccc3cccc1c23,0.0
CCCCOC(=O)c1ccccc1C(=O)OCC(CC)CCCC,0.0
CCCCCCCCCCCC(=O)OCC(O)C1OCC(OCCO)C1OCCO,0.0
O=[N+]([O-])c1ccc2ccc3cccc4ccc1c2c34,0.0
Nc1c(Br)cc([N+](=O)[O-])cc1[N+](=O)[O-],0.0
CC12CC(C=O)C(=O)CC1CCC1C2CCC2(C)C1CCC2(C)O,1.0
Nc1cc(Cl)c([N+](=O)[O-])cc1O,1.0
O=C1CN=C(c2ccccc2)c2cc(Cl)ccc2N1CC1CC1,1.0
FC(F)(F)C(Cl)(Cl)Cl,0.0
CC(CC(=O)O)CC(C)(C)C,0.0
Cc1ccccc1C(=O)O,0.0
NC(=O)c1cccc([N+](=O)[O-])c1,0.0
Cc1ccc(S(=O)(=O)NC2CCCCC2)cc1,1.0
COP(=O)(OC)OC(=CCl)c1cc(Cl)c(Cl)cc1Cl,1.0
COc1ccc(CCN2CCC(Nc3nc4ccccc4n3Cc3ccc(F)cc3)CC2)cc1,1.0
OC1CCCc2ccccc21,0.0
CCCOCCOCCO,0.0
CC(=O)NNC(C)=O,0.0
BrCCc1ccccc1,0.0
Cc1ccc(N)cc1[N+](=O)[O-],0.0
CC1CCC2C(C)C3C(CC4C5CC=C6CC(OC7OC(CO)C(O)C(OC8OC(CO)C(O)C(O)C8O)C7OC7OC(C)C(O)C(O)C7O)CCC6(C)C5CCC43C)N2C1,1.0
Oc1cc(Cl)c(Cl)c(Cl)c1Cl,1.0
CCCCCCCCCC(=O)N(C)C,0.0
CC(=O)Nc1ccc(C)cc1,0.0
O=Cc1ccc2c(c1)OCO2,0.0
Brc1cccc(-c2ccccc2)c1,0.0
CC1CC2C3CC=C4CC(=O)C=CC4(C)C3(F)C(O)CC2(C)C1(O)C(=O)CO,0.0
Nc1ccc([N+](=O)[O-])cc1[N+](=O)[O-],0.0
CCCCCCCCC=CCCCCCCCCOCCO,1.0
CC(C)(C)C(=O)C(Cl)Cl,0.0
CCCCCCCCn1cc[n+](C)c1,1.0
O=Cc1ccc(Cl)cc1,0.0
C=CC(C)(O)CCCC(C)CCCC(C)CCCC(C)C,0.0
CC(=O)OC1(C(C)=O)CCC2C3CC(C)=C4CC(=O)CCC4(C)C3CCC21C,1.0
O=C1OC(=O)c2ccccc21,0.0
O=C(O)c1cc(Cl)cc(Cl)c1,0.0
Brc1ccc(Oc2cc(Br)c(Br)cc2Br)c(Br)c1,1.0
C=CC(=O)OCCOCC(CC)(COCCOC(=O)C=C)COCCOC(=O)C=C,1.0
CC1(C)CC(O)CC(C)(C)N1,0.0
O=C(O)c1ccc(O)c(O)c1,0.0
C=CCc1cc(OC)c2c(c1)OCO2,0.0
Cc1ccc2ccccc2c1[N+](=O)[O-],0.0
CC(=O)OC1CCC(C(C)(C)C)CC1,0.0
Oc1cc(Cl)c(Cl)c(Cl)c1,1.0
O=C1NC(=O)c2cc([N+](=O)[O-])ccc21,0.0
O=C(O)CCS,0.0
CN1C(=O)c2ccc([N+](=O)[O-])cc2C1=O,0.0
COc1cc(Cl)ccc1Oc1ccc(Cl)cc1Cl,0.0
C=CCO,0.0
CCCCN(CCCC)c1ccc(C(=O)c2ccccc2C(=O)O)c(O)c1,0.0
N#CCc1ccccc1,0.0
CCCCCCCCCCCC[N+](C)(C)CCOc1ccccc1,1.0
CNC(=O)c1ccccc1,0.0
O=S(=O)([O-])CCO,0.0
Cc1cc(C)cc(N)c1,0.0
CCCCC(CC)COC(=O)C(C#N)=C(c1ccccc1)c1ccccc1,1.0
CC12CCC(CC1=O)C2(C)C,0.0
CC(C)C(Nc1ccc(C(F)(F)F)cc1Cl)C(=O)OC(C#N)c1cccc(Oc2ccccc2)c1,0.0
OCC(Cc1cccc(O)c1)C(CO)Cc1cccc(O)c1,0.0
COc1cccc2sc(N)nc12,0.0
CC(=O)Nc1cccc(O)c1,0.0
Brc1ccc(-c2ccccc2)cc1,0.0
COc1nc(C)nc(NC(=O)NS(=O)(=O)c2ccccc2Cl)n1,0.0
ClC(Cl)(Cl)c1ccc(C(Cl)(Cl)Cl)cc1,0.0
Clc1cc(Cl)c(Cl)nc1Cl,0.0
Cc1ccc2cc(C)ccc2c1,0.0
COc1cc2c(cc1N)oc1ccccc12,1.0
S=C(Nc1ccccc1)Nc1ccccc1,1.0
C=CCn1c(=O)n(CC=C)c(=O)n(CC=C)c1=O,0.0
O=CC=Cc1ccccc1,0.0
CC(=O)c1cc(C)oc1C,0.0
ClCC1CO1,0.0
CC(C)(O)CCC(C)(C)O,0.0
O=NN(CCO)CCO,0.0
O=[N+]([O-])c1ccc(CCO)cc1,0.0
O=C(O)c1ccccc1Cl,0.0
CC(=O)Nc1ccccc1C,0.0
Oc1c(I)cc(Cl)c2cccnc12,1.0
CC(=O)c1ccc(Cl)c(Cl)c1Cl,0.0
NC1CCC(CC2CCC(N)CC2)CC1,0.0
CC(C)Cc1nccs1,0.0
COC(=O)C1=C(C)N=C(C)C(C(=O)OC)C1c1ccccc1[N+](=O)[O-],1.0
CCCCCCCCC1CO1,0.0
Oc1cccc(Nc2ccccc2)c1,1.0
CC(=CC1CCC(C)C2CCC(C)=C12)C(=O)O,1.0
CC=C1C(=O)CC2C3CC=C4CC(=O)CCC4(C)C3CCC12C,1.0
COc1cc(CNC(=O)CCCCC=CC(C)C)ccc1O,1.0
CC(C)COC(=O)COc1cc(Cl)c(Cl)cc1Cl,0.0
O=C(O)c1c(Cl)cccc1Cl,0.0
O=C(O)c1cccc(Cl)c1,0.0
c1ccc(CSCc2ccccc2)cc1,0.0
Brc1ccc(Oc2ccc(Br)cc2Br)c(Br)c1,1.0
CCCC(C)(COC(N)=O)COC(N)=O,0.0
CCC(Cl)=[N+]([O-])O,0.0
CC(=O)Oc1ccc(C(c2ccc(OC(C)=O)cc2)c2ccccn2)cc1,1.0
Oc1c(Br)c(Br)c(Br)c(Br)c1Br,1.0
Nc1ccccc1,0.0
CCCC[N+](=O)[O-],0.0
COc1ccc2cc3[n+](cc2c1OC)CCc1cc2c(cc1-3)OCO2,1.0
C(=Cc1ccccc1)c1ccccc1,0.0
C=CCOC(=O)COCCC(C)C,0.0
O=[N+]([O-])c1ccc(F)c([N+](=O)[O-])c1,1.0
Cc1cc(NS(=O)(=O)c2ccc(N)cc2)no1,0.0
BrC(Br)C(Br)Br,0.0
CCN(C(=O)N(CC)c1ccccc1)c1ccccc1,1.0
Cc1c(N)cccc1Cl,0.0
O=Cc1ccccc1Cl,0.0
CCN(Cc1ccccc1)c1ccccc1,1.0
Nc1cccc([N+](=O)[O-])c1,0.0
Cc1cc([N+](=O)[O-])ccc1N,0.0
ClC(Cl)(Br)Br,0.0
COC(=O)c1ccccc1CS(=O)(=O)NC(=O)Nc1nc(OC)cc(OC)n1,0.0
CC(C)(O)CCCC1=CCC(C=O)CC1,0.0
CCCCCCCC[S+]([O-])C(C)Cc1ccc2c(c1)OCO2,1.0
C1CSCCS1,0.0
CC(Cl)C(Cl)Cl,0.0
O=C([O-])c1ccccc1O,0.0
NC(=O)c1ccccc1N,0.0
CCC(C)c1ccc(O)cc1,0.0
CCCCCCCCCCCCCCCCCC[N+](C)(C)Cc1ccccc1,1.0
COCCOC,1.0
CCCCCCCCCCOC(=O)c1ccccc1C(=O)OCCCCCCCCCC,0.0
Cc1cc(S(=O)(=O)O)c(N)cc1Cl,0.0
O=C(Cl)c1ccccc1,0.0
O=[N+]([O-])c1ccc(Oc2ccc([N+](=O)[O-])cc2)cc1,1.0
CCCCCCCCCCCCCCCCCC[N+](C)(C)C,1.0
Oc1oc(O)c2c1C1(Cl)C(Cl)=C(Cl)C2(Cl)C1(Cl)Cl,0.0
CC(C)(C)c1cccc(C(C)(C)C)c1O,1.0
CC(C)C(O)C(C)(C)CO,1.0
CCCCCCCCC=CCCCCCCCC(N)=O,1.0
CC(C)(O)c1ccccc1,0.0
OCCCCCCO,0.0
CC(C)CCCCCOC(=O)c1ccccc1C(=O)OCCCCCC(C)C,0.0
C=CC(C)(C)CC(=O)OC,1.0
OCCN1CCN(CCO)CC1,0.0
Cc1cccc[n+]1[O-],0.0
Cc1ccc(N)nc1,0.0
O=C(c1ccc2c(c1)C(=O)OC2=O)c1ccc2c(c1)C(=O)OC2=O,0.0
CC(C)(O)c1ccc(C(C)(C)O)cc1,0.0
CCC(N)CO,0.0
C[N+]1([O-])CCOCC1,0.0
CCCC(CC)CCCCCCCN,1.0
CN1C2CCC1CC(OC(=O)C(CO)c1ccccc1)C2,0.0
CC(CCC(=O)O)C1CCC2C3C(O)CC4CC(O)CCC4(C)C3CCC12C,1.0
ON=C1CCCC1,1.0
C1C2OC2C2C1C1CC2C2OC12,0.0
NC(=O)c1ccccc1C(N)=O,1.0
CC(C)(CC(=O)O)C(=O)O,0.0
CC(C)(CCC(=O)O)C(=O)O,0.0
O=C(c1ccccc1)c1ccccc1O,0.0
O=C(c1ccccc1)c1cccc(O)c1,1.0
Cc1ccc(O)c(C(=O)c2ccccc2)c1,0.0
CCCCCCCCCCCCOC(=O)c1ccc(O)cc1,1.0
CCCCCCCCCOC(=O)c1ccc(O)cc1,1.0
COc1ccc(C(=O)c2cccc(O)c2)c(OC)c1,1.0
O=C(c1ccc(O)cc1)c1ccc(O)cc1,0.0
Cc1cc(C(C)(C)c2ccc(O)c(C)c2)ccc1O,1.0
CC(C)(c1ccccc1)c1ccccc1,0.0
Oc1ccc(C(=C(Cl)Cl)c2ccc(O)cc2)cc1,1.0
Oc1ccc(C2(c3ccc(O)cc3)CC3CC2C2CCCC32)cc1,1.0
O=C(c1ccccc1)c1cc(Cl)ccc1O,0.0
CC1CCC(C(C)C)C(OC(=O)c2ccccc2N)C1,1.0
FC(Cl)(Cl)C(F)(Cl)Cl,0.0
C=CC(C)(CCC=C(C)C)OC(=O)c1ccccc1N,0.0
BrC(Br)C(Br)(Br)Br,1.0
CC(C)(C#N)C(C)(C)C#N,0.0
CCn1cc[n+](C)c1,0.0
CCCCn1cc[n+](C)c1C,0.0
CCCCCCCCCCCCCCCCn1cc[n+](C)c1,1.0
CCCCCCn1cc[n+](C)c1,1.0
C=CCn1cc[n+](C)c1,0.0
C[n+]1ccn(Cc2ccccc2)c1,1.0
CCCC[n+]1ccccc1,0.0
CCCCCC[n+]1ccccc1,1.0
CCCC[N+]1(C)CCCC1,0.0
Nc1ccc(F)cc1F,0.0
Oc1cc(Cl)cc(Cl)c1Cl,1.0
Cc1ccc(O)c(O)c1,1.0
CNC(=O)Oc1cc(C)c(N(C)C)c(C)c1,0.0
Nc1ccc(Cc2ccc(N)c(Cl)c2)cc1Cl,1.0
CCOc1ccc(NC(C)=O)cc1N,0.0
O=C(O)CBr,0.0
C[Si](Cl)(c1ccccc1)c1ccccc1,1.0
O=[N+]([O-])c1ccc(Cl)c(Cl)c1Cl,0.0
Oc1ccc(Cl)c(Cl)c1,0.0
ClC1C(Cl)C(Cl)C(Cl)C(Cl)C1Cl,0.0
Cc1cc(N)c(S(=O)(=O)O)cc1Cl,0.0
CCCCOCC(C)O,0.0
O=[N+]([O-])c1cccc2cccnc12,0.0
CC12CCC(=O)C=C1CCC1C2CCC2(C)C(O)CCC12,1.0
Cn1c(N)nc2c3cccnc3ccc21,0.0
CCCCCCCCCCCCCC[P+](CCCCCC)(CCCCCC)CCCCCC,1.0
O=C1N=C(c2ccccc2)c2cc(Cl)ccc2NC1O,1.0
CCCC[P+](CCCC)(CCCC)CCCC,1.0
OCC(Br)CBr,0.0
Cc1ccccc1N=C(N)Nc1ccccc1C,0.0
O=C(O)c1cc(C(=O)O)cc(S(=O)(=O)[O-])c1,0.0
O=[N+]([O-])c1ccccc1Nc1ccccc1,0.0
Nc1nccs1,0.0
CC(=O)OC(OC(C)=O)c1ccc([N+](=O)[O-])o1,1.0
c1ccc(SSc2ccccc2)cc1,0.0
O=Cc1c(Cl)cccc1Cl,0.0
COc1ccc(C(=O)Nc2ccccc2)cc1[N+](=O)[O-],1.0
Cc1cc([N+](=O)[O-])c(O)c([N+](=O)[O-])c1,0.0
CCCC(c1cc(C(C)(C)C)c(O)cc1C)c1cc(C(C)(C)C)c(O)cc1C,1.0
COc1cc(C2Oc3cc(C4Oc5cc(O)cc(O)c5C(=O)C4O)ccc3OC2CO)ccc1O,1.0
COC1C=COC2(C)Oc3c(C)c(O)c4c(O)c(c5c(c4c3C2=O)=NC2(CCN(CC(C)C)CC2)N=5)NC(=O)C(C)=CC=CC(C)C(O)C(C)C(O)C(C)C(OC(C)=O)C1C,1.0
O=[N+]([O-])c1ccccc1-c1ccccc1,0.0
C=C(C)C(=O)OCCN(CC)CC,0.0
Cc1ccnc2c1NC(=O)c1cccnc1N2C1CC1,0.0
O=[N+]([O-])C=Cc1ccccc1,1.0
Cc1c(N)cccc1[N+](=O)[O-],0.0
Cc1cc(C)cc([N+](=O)[O-])c1,0.0
CCCCOC(=O)C=CC(=O)OCCCC,0.0
CC(CO)Oc1ccccc1,0.0
Oc1ccc2cc(SSc3ccc4cc(O)ccc4c3)ccc2c1,1.0
CNC(=O)NC,0.0
COc1cccc(N)c1,0.0
FC(F)OC(Cl)C(F)(F)F,0.0
Oc1cccc(Cl)c1,0.0
Nc1nc(-c2ccc([N+](=O)[O-])cc2)cs1,0.0
O=[N+]([O-])c1cccc(Cl)c1Cl,0.0
CC1(O)CCC2C3CC=C4CC(=O)CCC4(C)C3(F)C(O)CC21C,0.0
COC(=O)c1ccccc1S(=O)(=O)NC(=O)Nc1nc(C)nc(OC)n1,0.0
NC(N)=[Se],0.0
CCCCCCC(O)CC=CCCCCCCCC(=O)OC,0.0
CCC1(CC)C(=O)N=C([O-])NC1=O,0.0
CN(C)c1ccc(C2(c3ccc(N(C)C)cc3)OC(=O)c3cc(N(C)C)ccc32)cc1,0.0
CC1C(=O)CC2(C(C)C)CC12,0.0
CCCCC(=O)N(C)C,0.0
CC(C)(C)S,0.0
NNC(=O)c1ccccc1,0.0
Nc1ccccn1,0.0
Cc1cc(=O)oc2cc(O)cc(O)c12,0.0
Cc1ccccc1OCC1CO1,0.0
N=C(N)N[N+](=O)[O-],0.0
CC(=O)Nc1cccc(C)c1,1.0
CC(C)CC(C)Nc1ccc(Nc2ccccc2)cc1,1.0
O=C(c1ccc(O)cc1)c1ccc(O)c(O)c1O,0.0
CC(CCC(=O)[O-])C1CCC2C3CCC4CC(O)CCC4(C)C3CC(O)C12C,0.0
COC1=CC(=O)OC(C=Cc2ccc3c(c2)OCO3)C1,0.0
O=[N+]([O-])c1cccc(S(=O)(=O)[O-])c1,1.0
COC1=CC(=O)OC(C=Cc2ccccc2)C1,0.0
CCCCCCCCOC(=O)c1ccc(O)cc1,1.0
Oc1cccc(Cl)c1Cl,1.0
Oc1c(Cl)c(Cl)cc(Cl)c1Cl,1.0
O=C(O)C(Br)(Br)Br,0.0
O=C(O)c1ccccc1C(=O)O,0.0
CC(O)CC(C)O,0.0
CCN(C=O)CC,0.0
Oc1cc(Cl)cc(Cl)c1,1.0
CCCC(C)C(=O)O,0.0
O=C([O-])C(O)C(O)C(O)C(O)C(O)CO,0.0
Nc1cccc2c(=O)[nH][nH]c(=O)c12,1.0
CCC(=C(c1ccc(O)cc1)c1ccc(OCCN(C)C)cc1)c1ccccc1,1.0
CC1OC(OC2C(O)C(OCCc3ccc(O)c(O)c3)OC(COC3OC(CO)C(O)C(O)C3O)C2OC(=O)C=Cc2ccc(O)c(O)c2)C(O)C(O)C1O,0.0
Cc1cccc(Oc2ccccc2)c1,1.0
Nc1ccccc1-c1ccccc1,0.0
NC(=O)c1ncn(C2OC(CO)C(O)C2O)n1,0.0
BrCC(Br)C1CCC(Br)C(Br)C1,0.0
C1COCCO1,0.0
NS(=O)(=O)c1cc2c(cc1Cl)N=CNS2(=O)=O,0.0
Oc1ccc(Sc2ccc(O)cc2)cc1,1.0
COc1ccc(CN(CCN(C)C)c2ccccn2)cc1,1.0
Nc1ccc(Oc2ccc(Cl)cc2)cc1,1.0
O=C(OCC(COC(=O)c1ccccc1)(COC(=O)c1ccccc1)COC(=O)c1ccccc1)c1ccccc1,1.0
CC(C=CC1=C(C)CCCC1(C)C)=CC=CC(C)=CC(=O)Nc1ccc(O)cc1,1.0
N#CC(=N)C(N)C#N,0.0
Nc1ccc([N+](=O)[O-])c(N)c1,0.0
COc1ccc(C(=O)c2ccccc2O)c(O)c1,1.0
CC(O)CCl,0.0
[Tl+],1.0
CCOc1ccccc1N,1.0
CC(C=CC=C(C)C=CC1=C(C)CCCC1(C)C)=CC=O,1.0
CCC1OC(=O)C(C)C(OC2CC(C)(OC)C(O)C(C)O2)C(C)C(OC2OC(C)CC(N(C)C)C2O)C(C)(O)CC(C)CN(C)C(C)C(O)C1(C)O,1.0
O=[N+]([O-])c1ccc(NCCO)c(OCCO)c1,0.0
Oc1ccc(C2(c3ccc(O)cc3)CCCCC2)cc1,1.0
Cc1cc(O)c(C(C)(C)C)cc1Sc1cc(C(C)(C)C)c(O)cc1C,1.0
Nc1cccc(S(=O)(=O)O)c1,0.0
CCCCCCCC[N+](CCCCCCCC)(CCCCCCCC)CCCCCCCC,1.0
Nc1ccc(O)cc1,1.0
COC1=CC(=O)OC(CCc2ccccc2)C1,0.0
CCOc1cc(OCC)c(C(C)=O)cc1OCC,1.0
ClC1=C(Cl)C1(Cl)Cl,0.0
Nc1cc(Cl)ccc1O,0.0
NC(=O)Nc1ccc([As](=O)(O)O)cc1,0.0
CCC(C)c1cc(C(C)(C)C)c(O)c(C(C)(C)C)c1,0.0
Nc1c(Cl)cc(Cl)cc1Cl,0.0
CC(C)(C)N(CCO)CCO,0.0
NCCNCCNCCN,0.0
CCCCCCCC(=O)Oc1c(Br)cc(C#N)cc1Br,1.0
O=C(Cl)C(Cl)(Cl)Cl,0.0
CS(=O)(=O)O,0.0
CC(=O)NC(CS)C(=O)O,0.0
O=C(O)c1ccc(CO)o1,0.0
O=[N+]([O-])c1cccc(I)c1,0.0
C=CC(=O)OCCOCCOC(=O)C=C,1.0
ClCc1ccccc1Cl,0.0
O=C(O)c1cc(O)c2c(c1)C(=O)c1cccc(O)c1C2=O,0.0
Cc1cc(C)cc(OP(=O)(Oc2cc(C)cc(C)c2)Oc2cc(C)cc(C)c2)c1,0.0
C=C(CC)C(=O)c1ccc(OCC(=O)O)c(Cl)c1Cl,0.0
CC(Cl)(Cl)C(=O)[O-],0.0
O=C(O)CCl,0.0
CCCCCCc1ccc(-c2ccc(C#N)cc2)cc1,0.0
C=CCOC(=O)c1ccccc1N,0.0
COc1ccc(NC(C)=O)cc1,0.0
CC1(N)CCC(C(C)(C)N)CC1,0.0
CC(C=CC1(O)C(C)=CC(=O)CC1(C)C)=CC(=O)O,0.0
CC1CCCC(=O)CCC=CCc2cc(O)cc(O)c2C(=O)O1,1.0
CC(C)C(O)(c1ccc(OC(F)(F)F)cc1)c1cncnc1,1.0
Cc1nc(N)nc(N)n1,0.0
CCCCN(N=O)C(=N)N[N+](=O)[O-],1.0
Oc1ccc(O)o1,0.0
O=C(O)CNC(=O)c1ccc([N+](=O)[O-])cc1,0.0
CC(COC(=O)c1ccccc1)OC(=O)c1ccccc1,0.0
BrCC(Br)(Br)Br,1.0
O=C(O)c1cccc(Cl)c1Cl,0.0
FC(Cl)(Cl)Cl,0.0
ClC(Cl)=C(Cl)Cl,0.0
CC(CCl)OC(C)CCl,0.0
CC1CCCC(O)CCCCCc2cc(O)cc(O)c2C(=O)O1,1.0
CC(C)(O)C(=O)Nc1ccc([N+](=O)[O-])c(C(F)(F)F)c1,1.0
CCC=C1OC(=O)c2ccccc21,0.0
O=C1OC(O)C(C(Cl)Cl)=C1Cl,1.0
Cc1cc(C(C)(C)c2cc(C)c(O)c(C)c2)cc(C)c1O,1.0
Oc1ccc2c(c1)OCO2,0.0
CC12CCC3C4=C(CCC3C1CCC2O)CC(=O)CC4,1.0
CC(=O)c1ccc(C(C)=O)cc1,0.0
COc1ccc(C)cc1[N+](=O)[O-],0.0
Cc1c(C(=O)O)cccc1[N+](=O)[O-],0.0
O=C(c1ccccc1)c1ccc(O)cc1,0.0
Nc1cnn(C2OC(CO)C(O)C2O)c(=O)n1,0.0
Nc1cccc2ccccc12,0.0
CCCCNC(=O)n1c(NC(=O)OC)nc2ccccc21,1.0
CN1CSC(=S)N(C)C1,1.0
O=C(O)c1cc(N=Nc2ccc(S(=O)(=O)Nc3ccccn3)cc2)ccc1O,0.0
CC(=O)CCc1ccccc1,0.0
CCC(=C(c1ccccc1)c1ccc(OCCN(C)C)cc1)c1ccccc1,1.0
O=S(=O)([O-])c1ccc2cc(O)ccc2c1,0.0
O=P(OCCCl)(OCCCl)OCCCl,0.0
ClC(Cl)=C(c1ccc(Cl)cc1)c1ccc(Cl)cc1,1.0
CC12CCC3c4ccc(O)cc4CCC3C1CCC2O,1.0
O=[N+]([O-])c1ccccc1C(F)(F)F,0.0
CC(=O)CC(C)(C)O,0.0
Brc1ccc(Oc2ccccc2)cc1,0.0
CC(=O)OCCOCCOCCOC(C)=O,0.0
O=C(O)CC(C(=O)O)C(CC(=O)O)C(=O)O,0.0
CCCCCCCC(=O)O,0.0
OCC#CCO,0.0
C#CC1(O)CCC2C3CCc4cc(O)ccc4C3CCC21C,1.0
Cc1cc(-c2ccc(N)c(C)c2)ccc1N,0.0
Nc1c(Cl)c(Cl)nc(C(=O)O)c1Cl,0.0
C=C(CC(=O)O)C(=O)O,0.0
CCOC(=O)C(C)OC(=O)c1cc(Oc2ccc(C(F)(F)F)cc2Cl)ccc1[N+](=O)[O-],1.0
O=C(O)CCCCCCCCCCCC(=O)O,1.0
CC(C)(CO)COC(=O)C(C)(C)CO,0.0
OCC1CO1,0.0
OCCc1ccccc1,0.0
C1CN2CCN1CC2,0.0
CCc1cnc(C2=NC(=O)C(C)(C(C)C)N2)c(C(=O)O)c1,0.0
NNC(N)=S,0.0
Oc1c(Cl)cc(Cl)c(Cl)c1Cc1c(O)c(Cl)cc(Cl)c1Cl,1.0
Nc1cc(Cl)cc(C(=O)O)c1Cl,0.0
CCC(C)c1ccccc1O,0.0
CC12CCC3c4ccc(O)cc4CCC3C1CCC2=O,1.0
CCc1cccc(C)c1N(C(=O)CCl)C(C)COC,0.0
BrC1CCC(Br)C(Br)CCC(Br)C(Br)CCC1Br,1.0
N=C(N=C(N)NCCCCCCN=C(N)N=C(N)Nc1ccc(Cl)cc1)Nc1ccc(Cl)cc1,1.0
CC(=O)CC(=O)Nc1ccccc1,0.0
CCCCC(CC)C(=O)O,0.0
O=C(O)c1nc(Cl)ccc1Cl,0.0
CN(C)C(=O)Nc1ccc(Cl)c(Cl)c1,0.0
CN(C)C(=O)Nc1ccc(Cl)cc1,0.0
CCOc1cc(Oc2ccc(C(F)(F)F)cc2Cl)ccc1[N+](=O)[O-],1.0
CCC12COCN1COC2,0.0
CCCN(CCOc1c(Cl)cc(Cl)cc1Cl)C(=O)n1ccnc1,1.0
CCCC1COC(Cn2cncn2)(c2ccc(Cl)cc2Cl)O1,1.0
O=C(O)c1ccccc1O,0.0
CCNC(=S)NCC,0.0
C[Si](Cn1cncn1)(c1ccc(F)cc1)c1ccc(F)cc1,1.0
CC(O)COCC(C)O,0.0
O=c1n(CCO)c(=O)n(CCO)c(=O)n1CCO,0.0
CCCCCCC(O)CCCCCCCCCCC(=O)O,0.0
C=C(C)C(=O)OCC1CO1,0.0
Clc1ccc(C(c2ccc(Cl)cc2)C(Cl)(Cl)Cl)cc1,1.0
Cc1cc(-c2cc(C)c(N)c(C)c2)cc(C)c1N,0.0
CC1C(=O)OC2CCN3CC=C(COC(=O)C(C)(O)C1(C)O)C23,0.0
O=P(Oc1ccccc1)(Oc1ccccc1)Oc1ccccc1,0.0
CC(C)(C)C1CCC(O)CC1,0.0
C=C(C)C(=O)Nc1ccc(Cl)c(Cl)c1,1.0
Cc1ccc(O)cc1C,0.0
CSSC,1.0
CC(C)CCCCCCc1ccc(O)cc1,1.0
Cc1cc(Cc2cc(C)cc(C(C)(C)C)c2O)c(O)c(C(C)(C)C)c1,1.0
Cc1c(COC(=O)C2C(C=C(Cl)C(F)(F)F)C2(C)C)cccc1-c1ccccc1,1.0
CC1(C)C(C(=O)OC(C#N)c2cccc(Oc3ccccc3)c2)C1(C)C,1.0
COC(=O)c1ccccc1O,0.0
Oc1cc(Cl)c(Cl)cc1Cl,0.0
Cc1ccc(OP(=O)(Oc2ccc(C)cc2)Oc2ccc(C)cc2)cc1,1.0
CCCCCCCCCCCCCCCC[n+]1ccccc1,1.0
O=S(=O)(Oc1ccc(Cl)cc1Cl)c1ccccc1,1.0
CCCCC(CC)COC(=O)CCCCCCCC(=O)OCC(CC)CCCC,1.0
O=[N+]([O-])C(Cl)(Cl)Cl,0.0
COCC(=O)O,0.0
CCSC(=O)N1CCCCCC1,1.0
Sc1ccccc1,1.0
CCCCOCCOC(C)=O,0.0
CCc1cc(C(C)(C)C)c(O)c(C(C)(C)C)c1,0.0
CCCCCCCCCCCO,0.0
CC1(C)C(C=C(Cl)Cl)C1C(=O)OCc1cccc(Oc2ccccc2)c1,0.0
CCCCOCCOP(=O)(OCCOCCCC)OCCOCCCC,0.0
COP(=S)(OC)Oc1ccc(SC)c(C)c1,0.0
CC(O)CNCC(C)O,1.0
c1ccc(Nc2ccccc2)cc1,1.0
CCCCCCCCCCCCOS(=O)(=O)[O-],0.0
CCc1cccc(O)c1,0.0
OC(c1ccc(Cl)cc1)(c1cncnc1)c1ccccc1Cl,1.0
N#CCC(=O)O,0.0
CCNc1cccc(C)c1,0.0
O=c1n(CC2CO2)c(=O)n(CC2CO2)c(=O)n1CC1CO1,1.0
CCCOC(=O)c1ccccc1C(=O)OCCC,0.0
c1cc(-c2ccncc2)ccn1,0.0
CC12C=CC(=O)C=C1CCC1C2C(O)CC2(C)C1CCC2(O)C(=O)CO,0.0
COC(=O)NC(=S)Nc1ccccc1NC(=S)NC(=O)OC,1.0
OCCNCCO,0.0
CC(C)OP(C)(=O)OC(C)C,1.0
O=c1oc(=O)c2cc3c(=O)oc(=O)c3cc12,0.0
Nc1ccc(Cc2ccc(N)cc2)cc1,0.0
CCC=CCC=CCC=CCCCCCCCC(=O)O,0.0
Oc1ccc(C(c2ccc(O)cc2)C(Cl)(Cl)Cl)cc1,1.0
O=Cc1ccccc1O,0.0
CCCCCC1=CCCC1=O,0.0
Oc1c(Cl)ccc(Cl)c1Cl,0.0
O=C(C(Cl)(Cl)Cl)C(Cl)(Cl)Cl,0.0
CCC(=O)Nc1ccc(Cl)c(Cl)c1,1.0
C1CN(SSN2CCOCC2)CCO1,1.0
CC=Cc1ccc2c(c1)OCO2,0.0
Cc1ccc([N+](=O)[O-])cc1[N+](=O)[O-],0.0
CCN(CC)c1ccc2c(C)cc(=O)oc2c1,1.0
CC(=O)C1CCC2C3CC=C4CC(=O)CCC4(C)C3CCC12C,1.0
COC(=O)C(C)Oc1ccc(Oc2ncc(C(F)(F)F)cc2Cl)cc1,0.0
O=P(OCC(Br)CBr)(OCC(Br)CBr)OCC(Br)CBr,1.0
O=C1NC(=O)c2ccccc21,0.0
COCC(C)O,0.0
CN1CCCC1c1cccnc1,0.0
O=P1(NCCCl)OCCCN1CCCl,0.0
CCCC1OC2CC3C4CC=C5CC(=O)C=CC5(C)C4C(O)CC3(C)C2(C(=O)CO)O1,1.0
CCCCCCC(=O)O,0.0
Cc1cccc(O)c1C,0.0
CCc1nc(N)nc(N)c1-c1ccc(Cl)cc1,1.0
c1ccc2c(c1)-c1cccc3cccc-2c13,0.0
CN(C)P(=O)(N(C)C)N(C)C,0.0
O=C(O)c1cc(Oc2ccc(C(F)(F)F)cc2Cl)ccc1[N+](=O)[O-],0.0
CCCCCCCCCCCCCCO,0.0
Clc1ccc(C(Cl)(Cl)Cl)cc1,0.0
Nc1nc(N)nc(NC2CC2)n1,0.0
O=C(O)COc1ccccc1,0.0
COCCOC(=O)c1ccccc1C(=O)OCCOC,0.0
CCCN(CCC)N=O,0.0
CCCCNC(=O)OCC#CI,1.0
CS(=O)(=O)c1ccc(Cl)cc1,0.0
CC(CCC(=O)O)C1CCC2C3CCC4CC(O)CCC4(C)C3CCC12C,0.0
Cc1ccc(N)cc1Cl,0.0
c1cc(N(CC2CO2)CC2CO2)ccc1OCC1CO1,1.0
Nn1cnnc1,0.0
CCCCC=CC=CCC=O,1.0
CCC(CC)Nc1c([N+](=O)[O-])cc(C)c(C)c1[N+](=O)[O-],0.0
Nc1cc(Cl)c(N)c(Cl)c1,1.0
Nc1cccc(C(F)(F)F)c1,0.0
ClC1=C(Cl)C2(Cl)C3C(Cl)C=CC3C1(Cl)C2(Cl)Cl,1.0
CC12CC1(C)C(=O)N(c1cc(Cl)cc(Cl)c1)C2=O,0.0
CCCCC(C#N)(Cn1cncn1)c1ccc(Cl)cc1,1.0
Oc1c(Cl)cc(Cl)c(Cl)c1Cl,1.0
O=C(c1ccccc1)c1ccc(O)c(O)c1O,1.0
CCOc1ccc(N)cc1,0.0
O=C(C1CCCCC1)N1CC(=O)N2CCc3ccccc3C2C1,0.0
CC(O)CN(CC(C)O)CC(C)O,0.0
O=[N+]([O-])c1ccc(Cl)c([N+](=O)[O-])c1,1.0
CC1(C)Cc2cccc(O)c2O1,0.0
O=S(=O)(O)c1ccccc1,0.0
CCCC(CCC)C(=O)O,0.0
CCC(C)OC(=O)c1ccc(O)cc1,1.0
CC(C)(c1cc(Br)c(O)c(Br)c1)c1cc(Br)c(O)c(Br)c1,0.0
COc1ccccc1[N+](=O)[O-],0.0
CCCCC(CC)COC(C)=O,0.0
CCCOCCO,0.0
Cc1cc(=O)[nH]c(C(C)C)n1,0.0
c1cnc2c(c1)ccc1cccnc12,1.0
CC=Cc1ccc(OC)cc1,0.0
CCOP(=S)(OCC)Oc1ccc([N+](=O)[O-])cc1,0.0
CCOC(=O)C(C)Oc1ccc(Oc2cnc3cc(Cl)ccc3n2)cc1,1.0
CC(C)C1(C)N=C(c2nc3ccccc3cc2C(=O)O)NC1=O,0.0
CCCCCCCCCCCCCC[P+](CCCC)(CCCC)CCCC,1.0
Cc1ccc(S(=O)(=O)[O-])cc1C,0.0
Cc1cc(Cl)ccc1O,0.0
Nc1nc(N)c2nc(-c3ccccc3)c(N)nc2n1,1.0
CC(=O)c1ccc(S(=O)(=O)NC(=O)NC2CCCCC2)cc1,0.0
Brc1ccc(Oc2ccc(Br)cc2)cc1,0.0
Oc1c(Cl)cc(Cl)cc1Cl,0.0
CC1(C)NC(=O)NC1=O,0.0
COCC(=O)N(c1c(C)cccc1C)C(C)C(=O)OC,0.0
c1ccc2cc(Nc3ccc(Nc4ccc5ccccc5c4)cc3)ccc2c1,0.0
C=CCN(CC=C)C(=O)C(Cl)Cl,0.0
CC(C)(C)C(O)C(Cc1ccc(Cl)cc1)n1cncn1,0.0
CCNc1nc(NC(C)(C)C)nc(SC)n1,1.0
CC(=O)OCCOC(C)=O,0.0
CC(=O)OCC=C(C)CCC=C(C)C,0.0
CC(C)=CCCC(C)=CC=O,0.0
COc1nc(NC(C)C)nc(NC(C)C)n1,0.0
OCc1ccco1,0.0
CCCCCCOCCO,0.0
c1ccc(-c2ccccc2)cc1,0.0
CCCN(CCC)S(=O)(=O)c1ccc(C(=O)O)cc1,0.0
OCCOc1ccccc1,0.0
c1ccc(P(c2ccccc2)c2ccccc2)cc1,1.0
Oc1cccc2ccccc12,0.0
O=C(O)C(=O)O,0.0
CCCCCCCCCCCCO,0.0
CC(C)CC(C)(c1ccc(O)cc1)c1ccc(O)cc1,1.0
Oc1c(Cl)c(Cl)c(Cl)c(Cl)c1Cl,1.0
CC(C)=CC1C(C(=O)OCc2coc(Cc3ccccc3)c2)C1(C)C,0.0
CC(C)(c1ccc(OCC2CO2)cc1)c1ccc(OCC2CO2)cc1,1.0
Cc1ccc(N)cc1,0.0
ON=C1CCCCC1,0.0
Cn1cc(-c2ccccc2)c(=O)c(-c2cccc(C(F)(F)F)c2)c1,0.0
NC(=O)NC(N)=O,0.0
CCC(C)(C)c1ccc(O)c(C(C)(C)CC)c1,1.0
CC(C)C(=O)Nc1ccc([N+](=O)[O-])c(C(F)(F)F)c1,1.0
CCCCCCCCCCO,0.0
CCN(CCN)c1cccc(C)c1,0.0
Cc1ccc(C(=O)O)o1,0.0
CCc1cccc(CC)c1N(COC)C(=O)CCl,1.0
[O-]c1ccccc1,0.0
Cc1occc(=O)c1O,0.0
CCC(C)(c1ccc(O)cc1)c1ccc(O)cc1,1.0
Cc1ccc([N+](=O)[O-])c(C)c1,1.0
N#CCCCl,0.0
CNC(=O)ON=CC(C)(C)SC,0.0
CCCN(CCC)c1c([N+](=O)[O-])cc(C(C)C)cc1[N+](=O)[O-],0.0
Clc1ccc(C(c2ccccc2Cl)C(Cl)(Cl)Cl)cc1,1.0
Nc1ccc(S(=O)(=O)Nc2nccs2)cc1,0.0
Clc1ccccc1-c1ccccc1Cl,0.0
Cc1noc(NS(=O)(=O)c2ccc(N)cc2)c1C,0.0
C(CCOCC1CO1)COCC1CO1,1.0
COC(=O)c1ccc(C(=O)OC)cc1,1.0
CC12CCC3C(CC=C4CC(=O)CCC43C)C1CCC2=O,1.0
CCCCN(CC)c1c([N+](=O)[O-])cc(C(F)(F)F)cc1[N+](=O)[O-],0.0
Cc1ccc(C)c(O)c1C,0.0
c1ccc(Oc2ccccc2)cc1,0.0
ClC1=C(Cl)C(Cl)(Cl)C(Cl)=C1Cl,1.0
CC(COCC(C)OC(=O)c1ccccc1)OC(=O)c1ccccc1,1.0
CC(C)CCCCCCOC(=O)c1ccccc1C(=O)OCCCCCCC(C)C,0.0
O=C(O)C(Br)Br,0.0
O=[N+]([O-])c1ccc(Nc2ccccc2)cc1,1.0
Cc1ccccc1O,0.0
CC1=CC(=O)CC(C)(C)C1,1.0
Oc1ccccc1O,1.0
CC(C)(C)c1ccc(O)c(C(C)(C)C)c1,1.0
CC(C)(C)CC(C)(C)c1ccccc1O,1.0
N#CSCSC#N,1.0
CCc1ccccc1O,1.0
CC(C)(C)C(O)(CCc1ccc(Cl)cc1)Cn1cncn1,1.0
CCCCN(CCCC)N=O,0.0
CSc1nc(NC(C)C)nc(NC(C)C)n1,0.0
O=C(O)c1ccc(O)cc1,0.0
CCC(C)(C)c1ccc(O)cc1,0.0
CCCCC1(COC(=O)CCC(=O)O)C(=O)N(c2ccccc2)N(c2ccccc2)C1=O,0.0
CCCCC(CC)COC(=O)c1ccc(O)cc1,1.0
O=NN1CCCC1,0.0
Nc1ccc(-c2ccc(N)cc2)cc1,0.0
COc1ccc(C(Cl)=C(c2ccc(OC)cc2)c2ccc(OC)cc2)cc1,0.0
O=c1[nH]c(=O)[nH]c(=O)[nH]1,0.0
COC(=O)c1ccc(C=O)cc1,0.0
Cc1cc(Cc2ccc(N)c(C)c2)ccc1N,0.0
Oc1cccc(O)c1O,0.0
O=C(c1ccc(O)c(O)c1)c1ccc(O)cc1O,1.0
CC(C)(OOC(C)(C)c1ccccc1)c1ccccc1,0.0
CCC(C)(O)CCCC(C)C,0.0
c1cc2c3c(cccc3c1)CC2,0.0
CC(O)CCO,0.0
Oc1ccccc1-c1ccccc1,0.0
CC(=O)c1ccccc1,0.0
CC1=CC(=O)[N-]S(=O)(=O)O1,0.0
CCOP(=O)(OCC)Oc1ccc([N+](=O)[O-])cc1,1.0
CCOCC(=O)O,0.0
COc1ccc(N)cc1,0.0
COc1cc(-c2ccc(N)c(OC)c2)ccc1N,0.0
O=C(O)C1C2CCC(O2)C1C(=O)O,1.0
OCc1ccccc1,0.0
CC(C)(c1ccccc1)c1ccc(O)c(C(C)(C)c2ccccc2)c1,1.0
CN1C(=O)CN=C(c2ccccc2)c2cc(Cl)ccc21,1.0
Nc1ccc(Br)cc1,0.0
C=CN1CCCC1=O,0.0
CCOP(=O)(OCC)OCC,0.0
O=C(O)c1ccc(O)cc1O,0.0
O=C(C=Cc1ccc(O)c(O)c1)OC1CC(O)(C(=O)O)CC(O)C1O,0.0
CC1CCC2(OC1)OC1C(O)C3C4CCC5CC(OC6OC(CO)C(OC7OC(CO)C(O)C(OC8OCC(O)C(O)C8O)C7OC7OC(CO)C(O)C(OC8OC(CO)C(O)C(O)C8O)C7O)C(O)C6O)C(O)CC5(C)C4CCC3(C)C1C2C,1.0
O=C(O)c1cc(O)c(O)c(O)c1,0.0
CCCCCCCCC=CCCCCCCCC(=O)N(CCO)CCO,1.0
c1ccc2c(c1)ccc1c3ccccc3ccc21,0.0
CCCCCCCCCCCCCCCCC(=O)O,0.0
CCCCCCCCCCCCCCCC[N+](C)(C)C,1.0
CC(=O)Nc1ccc(S(=O)(=O)Cl)cc1,0.0
C=CCOCC(O)CS(=O)(=O)[O-],0.0
Nc1c(Br)cc(Br)c2c1C(=O)c1ccccc1C2=O,1.0
O=C(c1ccc(OCCN2CCCCC2)cc1)c1c(-c2ccc(O)cc2)sc2cc(O)ccc12,1.0
CCCCCCCCCCn1cc[n+](C)c1,1.0
CCCCCCCCCCn1cc[n+](CCCCCCCCCC)c1C,1.0
CCCCCCCCCCCCn1cc[n+](C)c1,1.0
CCCCCCCCCCCCCCn1cc[n+](C)c1,1.0
CCCC[N+]1(C)CCCCC1,0.0
CCC[N+]1(C)CCCCC1,0.0
CCCC[n+]1ccccc1C,0.0
CCCC[n+]1ccc(C)cc1,0.0
CCC[N+]1(C)CCCC1,0.0
CCCCCC(=Cc1ccccc1)CO,0.0
CCCCCCCCCCCCOC(=O)c1cc(O)c(O)c(O)c1,1.0
c1cc2ccc3ccc4ccc5cccc6c(c1)c2c3c4c56,0.0
CC(C)CC(O)CC(C)C,0.0
CC(=O)[O-],0.0
C=CC(=O)[O-],0.0
CC(C)c1ccccc1C(C)C,0.0
c1ccc(-c2ccc(-c3ccccc3)cc2)cc1,0.0
CCCCCCCCCCCCCCCCC=Cc1cc(O)oc1O,0.0
FC(F)(F)C(F)(F)C(F)(F)C(F)(F)C(F)(F)C(F)(F)C(F)(F)C(F)(F)C(F)(F)C(F)(F)F,0.0
COC(=O)c1ccc2cc(C(=O)OC)ccc2c1,0.0
O=C[O-],0.0
O=C([O-])[O-].[Sr+2],0.0
O=NN1CCN(N=O)CC1,0.0
[O-]c1c(Cl)cc(Cl)cc1Sc1cc(Cl)cc(Cl)c1[O-],1.0
COc1ccc(C(=O)CC(=O)c2ccc(C(C)(C)C)cc2)cc1,1.0
O=CC=C(c1ccccc1)c1ccccc1,1.0
CCCCCCCCCCCC[N+](C)(C)CCCS(=O)(=O)[O-],0.0
CC(C)(C)OC(=O)N1CC(F)CC1C(=O)O,0.0
O=c1c(O)c(O)c1=O,0.0
O=C(CC(=O)C(F)(F)F)c1ccccc1,0.0
CCC(=O)c1cccc(Cl)c1,0.0
N#CSc1ccc(N)c([N+](=O)[O-])c1,1.0
COC(=O)C(C)=O,0.0
CCCOC(=O)C(C)O,0.0
COCC(O)CO,0.0
O=S(=O)(Cl)c1c(Cl)cccc1Cl,0.0
O=C1CCN(c2ccccc2)N1,0.0
CC1C(c2ccccc2)NC(=O)N1C,0.0
CC(=O)CC(=O)c1ccccc1,1.0
O=[N+]([O-])c1cccc2cccc([N+](=O)[O-])c12,0.0
Cc1ccc(OP(=O)(Oc2ccccc2)Oc2ccccc2)cc1,0.0
Nc1cc(Cl)cc(S(=O)(=O)O)c1O,0.0
CCC1OC(=O)C(C)C(OC2CC(C)(OC)C(O)C(C)O2)C(C)C(OC2OC(C)CC(N(C)C)C2O)C(C)(OC)CC(C)C(=O)C(C)C(O)C1(C)O,0.0
CC(C)(C)OC(=O)c1cccc(N)c1,0.0
N#Cc1cc2ccccc2c2ccccc12,0.0
Cc1cccc(O)c1N,1.0
Fc1ccccc1-c1ccccc1,0.0
COS(=O)(=O)C(F)(F)F,0.0
CN(C)c1ccc(C=Cc2ccc([N+](=O)[O-])cc2)cc1,0.0
CN(C)c1ccc(CCO)cc1,1.0
COc1cc(C2c3cc4c(cc3C(O)C3COC(=O)C23)OCO4)cc(OC)c1OC,1.0
Brc1cc2ccccc2c2ccccc12,1.0
O=c1[nH]c2ccccc2o1,0.0
O=C1Nc2ccc([N+](=O)[O-])cc2C1=O,1.0
O=C(O)c1c2ccccc2cc2ccccc12,1.0
O=c1[nH][nH]c2ccccc12,1.0
CC1CCC2C(C)(C)C3CC12CCC3(C)O,0.0
C=C(C)C=Cc1c(O)c(O)c2ccccc2c1O,1.0
O=C(O)c1ccccn1,0.0
N#Cc1c2ccccc2cc2ccccc12,0.0
O=C1c2ccccc2CCc2ccccc21,0.0
CC(C)(C)c1ccc(OP(=O)(Oc2ccccc2)Oc2ccccc2)cc1,1.0
CC(CCl)OP(=O)(OC(C)CCl)OC(C)CCl,0.0
Cc1ccccc1OP(=O)(Oc1ccccc1C)Oc1ccccc1C,1.0
Oc1cccc2cccnc12,1.0
Cc1cc(O)c2c(c1)C(=O)c1cc(O)cc(O)c1C2=O,1.0
CC(O)CO,0.0
COC(=O)c1ccc(O)cc1,0.0
Oc1ccc(Cl)cc1Cl,0.0
Oc1ccccc1,0.0
Cc1ccc(O)c(C)c1,0.0
CC(C)(c1ccccc1)c1ccc(O)cc1,1.0
O=c1ccc2ccccc2o1,0.0
CCCOC(=O)c1cc(O)c(O)c(O)c1,1.0
Cc1ccc(N(C)C)cc1,0.0
OCCOCCO,0.0
C=CCc1ccc(OC)c(OC)c1,0.0
O=C(OCC1OC(OC(=O)c2cc(O)c(O)c(OC(=O)c3cc(O)c(O)c(O)c3)c2)C(OC(=O)c2cc(O)c(O)c(OC(=O)c3cc(O)c(O)c(O)c3)c2)C(OC(=O)c2cc(O)c(O)c(OC(=O)c3cc(O)c(O)c(O)c3)c2)C1OC(=O)c1cc(O)c(O)c(OC(=O)c2cc(O)c(O)c(O)c2)c1)c1cc(O)c(O)c(OC(=O)c2cc(O)c(O)c(O)c2)c1,0.0
CCCCOCCOCCO,0.0
Nc1ccc(C(=O)O)cc1,0.0
N#CC(Br)(Br)C(N)=O,0.0
CN1CCCC1=O,0.0
O=C1C2(Cl)C3(Cl)C4(Cl)C(Cl)(Cl)C5(Cl)C3(Cl)C1(Cl)C5(Cl)C24Cl,1.0
CC(=O)Nc1ccc(O)cc1,0.0
CC(C)(C)c1ccc(O)cc1,0.0
O=C(O)c1cccc(C(=O)O)c1,0.0
CCCCOP(=O)(OCCCC)OCCCC,0.0
O=[N+]([O-])c1ccc(O)cc1,0.0
COc1ccc([N+](=O)[O-])cc1N,0.0
O=[N+]([O-])C(Br)(CO)CO,1.0
CN(C)c1ccc(Cc2ccc(N(C)C)cc2)cc1,1.0
O=C(O)c1ccc([N+](=O)[O-])cc1,0.0
Cc1ccc([N+](=O)[O-])cc1N,0.0
Oc1cccc(O)c1,0.0
CCCCCCC(C=O)=Cc1ccccc1,0.0
C=CC(N)=O,0.0
CCOP(=S)(OCC)Oc1nc(Cl)c(Cl)cc1Cl,0.0
CCC(C)=NO,0.0
CCCC(=O)O,0.0
CCCCCCOC(=O)c1ccccc1C(=O)OCCCCCC,0.0
CCCCOC(=O)CCCCC(=O)OCCCC,0.0
C[N+](C)(C)CC1CO1,0.0
CC12C=CC(=O)C=C1CCC1C3CC(O)C(O)(C(=O)CO)C3(C)CC(O)C12F,0.0
O=C(O)c1ccccc1,0.0
O=C1CCCO1,0.0
Clc1ccc(C(c2ccc(Cl)cc2)C(Cl)Cl)cc1,1.0
CNC(C)=O,0.0
O=P(OC(CCl)CCl)(OC(CCl)CCl)OC(CCl)CCl,1.0
CC12C=CC(=O)C=C1CCC1C2C(=O)CC2(C)C1CCC2(O)C(=O)CO,0.0
Cc1cc2c3c(c1)C(c1ccccc1)=NC(NC(=O)c1ccncc1)C(=O)N3CC2,0.0
CCc1cc(C2=C(C(=O)[O-])N(c3ccccc3C(F)(F)F)S(=O)(=O)c3ccccc32)cc2c1OCO2,0.0
COc1ccc(OC(F)(F)F)cc1CNC1CCCNC1c1ccccc1,1.0
CCc1nn(C2CCCCC2)c2cc(C3(C#N)CCC(C(=O)O)CC3)ccc12,0.0
c1ccc(C(OC2CCCN(CCc3ccc4c(c3)OCO4)C2)c2ccccc2)cc1,1.0
CC(=O)c1ccc2c(c1)C(NC(=O)c1ccc(F)cc1)C(O)C(C)(C)O2,0.0
CNS(=O)(=O)c1cc(C(=O)N2CCC(CCN3C4CCC3CC(n3c(C)nc5ccccc53)C4)(c3cccc(F)c3)CC2)c(Cl)cc1F,1.0
N#Cc1ccc(N(CC(N)=O)CC(F)(F)F)cc1C(F)(F)F,0.0
OCC(CO)n1cnc(-c2ccc(F)cc2)c1-c1ccnc(Oc2ccccc2)n1,0.0
CCc1cc(SCc2sc(-c3ccc(C(F)(F)F)cc3)nc2CN2CCN(c3ccc(OC)cc3)CC2)ccc1OCC(=O)O,1.0
CCn1nc(Cc2ccccc2)cc1C1CCN(CC2CC(N(C)C(C(=O)O)C(C)C)CC2c2cccc(F)c2)CC1,1.0
CC(C)(O)c1cnn2c(-c3ccc(F)c(-c4c(F)cccc4C#N)c3)cnc2n1,1.0
CCN(CC)CCNc1ccc(CNC=O)c2sc3ccc(OC)cc3c(=O)c12,1.0
O=C(NC(c1ccccc1)C1CCCCN1)c1cccc(C(F)(F)F)c1Cl,1.0
NC(=O)Cn1c(=O)cc(CCN2CCN(c3nccc4sccc34)CC2)c2ccc(F)cc21,1.0
CCc1c(C(=O)NN2CCCCC2)nn(-c2ccc(Cl)cc2Cl)c1-c1ccc(Br)cc1,1.0
COc1ccc(S(=O)(=O)N2C(=O)C(c3ccccc3OC)(N3CC(O)CC3C(=O)N(C)C)c3cc(Cl)ccc32)c(OC)c1,1.0
O=C(Oc1ccc(Br)cc1)N1CCN2CCC1CC2,0.0
COc1cccc(C(O)C2CCN(CCc3ccc(F)cc3)CC2)c1OC,1.0
NCc1cccc(C2CCN(C(=O)c3ccc(C#Cc4ccccc4F)o3)CC2)c1,1.0
CCC(NC(=O)c1cc(F)ccc1[N-]S(=O)(=O)c1cccc2cccnc12)c1ccccc1,0.0
Cc1nc(-c2ccccn2)ncc1C(=O)Nn1cc(C)c2cc(F)ccc21,1.0
Cc1ncc(C(CCCCCCc2ccc3c(n2)NCCC3)CC(=O)O)cn1,0.0
Fc1ccccc1C(F)COC1CCC(Nc2ncnc3[nH]ncc23)CC1,1.0
O=C([O-])Cc1ccccc1Nc1c(Cl)cccc1Cl,0.0
CC(=O)N1CCN(c2ccc(OCC3COC(Cn4ccnc4)(c4ccc(Cl)cc4Cl)O3)cc2)CC1,1.0
CN(Cc1cnc2nc(N)nc(N)c2n1)c1ccc(C(=O)NC(CCC(=O)O)C(=O)O)cc1,1.0
CCCCCCCCOC(=O)c1cc(O)c(O)c(O)c1,1.0
O=[N+]([O-])c1ccc(Oc2ccc(Cl)cc2Cl)cc1,1.0
O=C1NC(=O)C(c2ccccc2)(c2ccccc2)N1,1.0
CCCCCOC(=O)c1ccccc1C(=O)OCCCCC,0.0
CCCCC(CC)C(=O)OCCOCCOCCOC(=O)C(CC)CCCC,1.0
Cc1ccc(C)c(O)c1,0.0
CCCCCCCCCCCCCCCS(=O)(=O)Oc1ccccc1,0.0
CCCCOC(=O)c1ccc(O)cc1,1.0
Cc1cccc([N+](=O)[O-])c1C,0.0
Cc1cc(C)c(O)c(C)c1,0.0
CC(C)COC(=O)CCCCC(=O)OCC(C)C,0.0
CCCCCCCCCCCC[N+](C)(C)C,1.0
COC(=O)CCCCC(=O)OC,0.0
CC(Cl)(Cl)C(=O)O,0.0
O=C(O)CC(O)C(=O)O,0.0
CCCCCCCCCCCCCCOS(=O)(=O)[O-],0.0
CCOc1ccc(C(C)(C)COCc2cccc(Oc3ccccc3)c2)cc1,0.0
CC(=O)OCC1OC(OC2(COC(C)=O)OC(COC(C)=O)C(OC(C)=O)C2OC(C)=O)C(OC(C)=O)C(OC(C)=O)C1OC(C)=O,0.0
CCc1ccc(O)c(C(C)(C)C)c1,0.0
O=C(O)C(F)(F)C(F)(F)C(F)(F)C(F)(F)C(F)(F)F,0.0
CCOP(=S)(OCC)SCSCC,0.0
CC(c1ccc(O)cc1)(c1ccc(O)cc1)c1ccc(O)cc1,1.0
O=S(=O)([O-])c1ccc(N=Nc2c(O)ccc3cc(S(=O)(=O)[O-])ccc23)cc1,1.0
OCC1OC(OC2(CO)OC(CO)C(O)C2O)C(O)C(O)C1O,0.0
NS(=O)(=O)C(F)(F)C(F)(F)C(F)(F)C(F)(F)C(F)(F)C(F)(F)C(F)(F)C(F)(F)F,0.0
O=C(Nc1ccccc1)c1ccccc1I,0.0
CCC(C)c1cc([N+](=O)[O-])cc([N+](=O)[O-])c1O,1.0
Cc1cc(SC2C(=O)CC(CCc3ccc(N)cc3)(C(C)C)OC2=O)c(C(C)(C)C)cc1CO,0.0
CCn1nc(C)c2c1C(=O)NCC(c1ccc(O)cc1)=N2,0.0
O=S(=O)(NC1(C(O)=NO)CCOCC1)c1ccc(Oc2ccc(F)cc2)cc1,1.0
COc1ccc2sc(C(=O)Nc3nnn[n-]3)c(OC(C)C)c2c1,1.0
O=c1[nH]c2ccc([S+]([O-])CCN3CCC(Cc4ccc(F)cc4)CC3)cc2o1,1.0
CC(Cc1ccc(OCC(=O)O)cc1)NCC(O)c1csc(C(F)(F)F)n1,0.0
CN1CCN(c2ccccc2C=C2SCCN(c3ccc(Cl)c(Cl)c3)C2=O)CC1,1.0
CC(C)(O)c1ccc(CNC(=O)c2cccnc2Oc2ccc(F)cc2)cc1,1.0
CNCc1cc(F)ccc1Oc1ccc(Cl)c(Cl)c1,1.0
CC(C)(O)c1ccc(CNC(=O)c2cccnc2Oc2ccc3nonc3c2)cc1,1.0
CCC1CCC(NCc2cc3c(cc2OC)C2CC2C(=O)N3C)C(c2ccccc2)N1,1.0
COCc1nnc(-c2ccc[n+]([O-])c2)n1-c1c(Cl)c(Cl)cc2[nH]c(=O)c(=O)[nH]c12,0.0
CCCOc1ccc(S(=O)(=O)N2CCN(CC)CC2)cc1-c1nc(=O)c2nn(Cc3ccccn3)c(CC)c2[nH]1,0.0
CSc1ccc(Oc2ccc(S(N)(=O)=O)cc2CN(C)C)cc1C,1.0
Nc1cc2c3c(c1)C(c1ccccc1)=NC(NC(=O)c1cccnc1)C(=O)N3CC2,0.0
CC(C)c1nnc2ccc(-c3ocnc3-c3cc(F)ccc3F)cn12,1.0
CNC1CCC(c2ccc(Cl)c(Cl)c2)c2ccc(S(N)(=O)=O)cc21,1.0
Cc1oc(-c2ccccc2)nc1CCOc1cccc2c1ccn2CCC(=O)O,0.0
Cc1c(C)c2c(c(C)c1O)CCC(C)(COc1ccc(Cc3sc(=O)[nH]c3O)cc1)O2,1.0
O=C(CCCN1CCC(O)(c2ccc(Cl)cc2)CC1)c1ccc(F)cc1,1.0
CC(C)N(Cc1ccccc1)C(=O)C(C)(C)C,0.0
Nc1cccc(N)c1,0.0
CCCCC(CC)COC(=O)CC(C(=O)OCC(CC)CCCC)S(=O)(=O)[O-],1.0
COCCOCCOCCOC,0.0
ClCCOCCCl,0.0
OCCC(F)(F)C(F)(F)C(F)(F)C(F)(F)C(F)(F)C(F)(F)F,0.0
O=C(OCCOCCOC(=O)c1ccccc1)c1ccccc1,0.0
O=C(OCCCCCOC(=O)c1ccccc1)c1ccccc1,1.0
O=S(=O)([O-])C(F)(F)C(F)(F)C(F)(F)C(F)(F)C(F)(F)C(F)(F)C(F)(F)C(F)(F)F,0.0
CCCCCCCCOC(=O)c1ccccc1C(=O)OCCCCCCCC,0.0
COC1C=COC2(C)Oc3c(C)c(O)c4c(O)c(c(C=NN5CCN(C)CC5)c(O)c4c3C2=O)NC(=O)C(C)=CC=CC(C)C(O)C(C)C(O)C(C)C(OC(C)=O)C1C,1.0
CC(C)CC(C)(O)C#CC(C)(O)CC(C)C,0.0
OC(Cn1cncn1)(Cn1cncn1)c1ccc(F)cc1F,0.0
CCNc1nc(Cl)nc(NC(C)(C)C)n1,0.0
ClC1(Cl)C2(Cl)C3(Cl)C4(Cl)C(Cl)(Cl)C5(Cl)C3(Cl)C1(Cl)C5(Cl)C24Cl,0.0
CCOC(=O)C(O)(c1ccc(Cl)cc1)c1ccc(Cl)cc1,1.0
O=C([O-])C(F)(F)C(F)(F)C(F)(F)C(F)(F)C(F)(F)C(F)(F)C(F)(F)F,0.0
Nc1nc(Cl)nc2c1ncn2C1CC(O)C(CO)O1,0.0
CCCCCCCCCC[N+](C)(C)CCCCCCCCCC,1.0
Cc1ccc(-c2cc(C(F)(F)F)nn2-c2ccc(S(N)(=O)=O)cc2)cc1,1.0
C=C(C)C(=O)OCCC(F)(F)C(F)(F)C(F)(F)C(F)(F)C(F)(F)C(F)(F)F,0.0
O=C(O)C(F)(F)C(F)(F)C(F)(F)C(F)(F)C(F)(F)C(F)(F)C(F)(F)C(F)(F)C(F)(F)F,0.0
FC(F)(F)C(F)(F)C(F)(F)C(F)(F)C(F)(F)C(F)(F)CCI,0.0
O=C(O)c1cccc(Oc2ccccc2)c1,0.0
CC(C)COC(=O)c1ccccc1C(=O)OCC(C)C,0.0
O=C(O)C(F)(F)C(F)(F)C(F)(F)C(F)(F)C(F)(F)C(F)(F)F,0.0
CCC(C)N(C)C(=O)c1cc2ccccc2c(-c2ccccc2Cl)n1,1.0
CNC(=O)Oc1cccc2c1OC(C)(C)C2,0.0
COC=C(C(=O)OC)c1ccccc1COc1cccc(C(F)(F)F)n1,1.0
C=CCc1cc(S(=O)(=O)c2ccc(O)c(CC=C)c2)ccc1O,1.0
CC(C)c1cccc(C(C)C)c1N1C(=O)c2ccc(O)cc2C1=O,1.0
CC1=C2CC3C(CC=C4CC(O)CCC43C)C2CCC12OC1CC(C)CNC1C2C,1.0
Cc1cccc(Nc2cc(Cl)nc(SCC(=O)O)n2)c1C,0.0
CC#Cc1cc(C)nc(Nc2ccccc2)n1,1.0
OCCO,0.0
CC1(C)C(C=C(Cl)Cl)C1C(=O)OC(C#N)c1ccc(F)c(Oc2ccccc2)c1,0.0
Nc1nnc(-c2ccc([N+](=O)[O-])o2)o1,0.0
O=C(O)C1CCC(C(=O)O)CC1,0.0
O=C(Nc1ccccc1)Nc1cnns1,1.0
CCOC(=O)c1nc(C(Cl)(Cl)Cl)n(-c2ccc(Cl)cc2Cl)n1,0.0
O=C(O)c1cccc(C(F)(F)F)c1,0.0
COC(=O)Cc1cccc2ccccc12,0.0
CCNc1nc(NC(C)C)nc(SC)n1,1.0
CC(C)Oc1cc(-n2nc(C(C)(C)C)oc2=O)c(Cl)cc1Cl,1.0
CCCCC(O)(Cn1cncn1)c1ccc(Cl)cc1Cl,1.0
CCc1ccc(C(=O)NN(C(=O)c2cc(C)cc(C)c2)C(C)(C)C)cc1,0.0
O=[N+]([O-])c1cc[n+]([O-])cc1,0.0
CCCN(CCC)c1c([N+](=O)[O-])cc(C(F)(F)F)c(N)c1[N+](=O)[O-],1.0
C=C(C)C1Cc2c(ccc3c2OC2COc4cc(OC)c(OC)cc4C2C3=O)O1,1.0
CCC(C)(CC)c1cc(NC(=O)c2c(OC)cccc2OC)on1,0.0
CCOC(=O)COc1cc(-c2nn(C)c(OC(F)F)c2Cl)c(F)cc1Cl,0.0
CCNc1nc(NCC)nc(SC)n1,0.0
[O-]c1cc(Cl)c(Cl)cc1Cl,0.0
CN(C)C(=O)Nc1cccc(C(F)(F)F)c1,0.0
CCN(CC)c1nc(C)cc(OP(=S)(OC)OC)n1,0.0
C=CCOC(Cn1ccnc1)c1ccc(Cl)cc1Cl,1.0
C#CCOC(=O)C(C)Oc1ccc(Oc2ncc(Cl)cc2F)cc1,0.0
OCC(c1ccc(Cl)cc1)c1ccc(Cl)cc1,1.0
CCCN(CCC)C(=O)SCC,0.0
CSc1nnc(C(C)(C)C)c(=O)n1N,0.0
CON(C)C(=O)Nc1ccc(Cl)c(Cl)c1,1.0
CC(C)OP(=S)(OC(C)C)SCCNS(=O)(=O)c1ccccc1,1.0
COC(=O)c1ccccc1C(=O)O,0.0
CC(C)N1C(=O)c2ccccc2NS1(=O)=O,0.0
O=C(O)COc1ccc(Cl)cc1,0.0
CN(C)c1nc(=O)n(C2CCCCC2)c(=O)n1C,0.0
CCNc1nc(Cl)nc(NCC)n1,0.0
COc1ccc(Cl)cc1C(=O)NCCc1ccc(S(=O)(=O)NC(=O)NC2CCCCC2)cc1,0.0
O=C(NC(=O)c1c(F)cccc1F)Nc1ccc(Oc2ccc(C(F)(F)F)cc2Cl)cc1F,1.0
CCOP(=S)(OCC)Oc1ccc2c(C)c(Cl)c(=O)oc2c1,1.0
Oc1c2c(c(O)n1SC(Cl)(Cl)Cl)CC=CC2,1.0
COC(=O)C(C)Oc1ccc(Oc2ccc(Cl)cc2Cl)cc1,0.0
CCCCC(CC)Cn1c(O)c2c(c1O)C1C=CC2C1,1.0
COC(=O)Cc1ccccc1,0.0
CCOP(=S)(OCC)SC(CCl)N1C(=O)c2ccccc2C1=O,0.0
N#CC(CCc1ccc(Cl)cc1)(Cn1cncn1)c1ccccc1,1.0
COCCOC(=O)CC#N,0.0
CCc1occc(=O)c1O,0.0
Oc1c2c(c(O)n1SC(Cl)(Cl)C(Cl)Cl)CC=CC2,1.0
CNC(=O)N(C)c1nnc(C(C)(C)C)s1,0.0
C#CCOS(=O)OC1CCCCC1Oc1ccc(C(C)(C)C)cc1,1.0
CNC(=O)C=C(C)OP(=O)(OC)OC,0.0
Cc1cc(C)nc(Nc2ccccc2)n1,0.0
C=CC(C)(O)CCC=C(C)CC,0.0
COC(=O)c1c(C(F)F)nc(C(F)(F)F)c(C2=NCCS2)c1CC(C)C,0.0
CON=C(C1=NOCCO1)c1ccccc1Oc1ncnc(Oc2ccccc2Cl)c1F,1.0
Cc1[nH]c(=O)n(C(C)(C)C)c(=O)c1Cl,0.0
COC(=O)CSc1cc(N=c2sc(=O)n3n2CCCC3)c(F)cc1Cl,0.0
CC(C)C(OC(=O)c1ccccc1)C(C)(C)COC(=O)c1ccccc1,0.0
Nc1c(Cl)cc([N+](=O)[O-])cc1Cl,0.0
CCOC(=O)COc1cc(-n2ncc(C(F)(F)F)c(C)c2=O)c(F)cc1Cl,0.0
Cc1cc(=O)[nH]o1,0.0
Cc1cc(Cl)ccc1N,0.0
O=c1n(Cl)c(=O)n(Cl)c(=O)n1Cl,0.0
N#Cc1c(Cl)c(Cl)c(Cl)c(C#N)c1Cl,1.0
CCNP(=S)(OC)OC(C)=CC(=O)OC(C)C,0.0
CSC(=O)c1cccc2nnsc12,0.0
CC(C)NC(=O)n1cc(O)n(-c2cc(Cl)cc(Cl)c2)c1=O,1.0
CCCOCC(=Nc1ccc(Cl)cc1C(F)(F)F)n1ccnc1,1.0
COc1ccc(-c2ccccc2)cc1NNC(=O)OC(C)C,1.0
COP(=O)(NC(C)=O)SC,0.0
CC1=NNC(=O)N(N=Cc2cccnc2)C1,0.0
CCSC(=O)N(CC)C1CCCCC1,0.0
CC(C)(C)C(=O)C(Oc1ccc(Cl)cc1)n1cncn1,1.0
CC(C)(C)C(O)C(=Cc1ccc(Cl)cc1Cl)n1cncn1,1.0
CCCCOC(=O)c1ccccc1C(=O)O,0.0
O=C(O)COc1ccc(Cl)cc1Cl,0.0
CC1(C)C(C=C(Cl)Cl)C1C(=O)OC(C#N)c1cccc(Oc2ccccc2)c1,0.0
Nc1ccc(S(=O)(=O)Nc2cnc3ccccc3n2)cc1,0.0
CCCCCCC(C)OC(=O)COc1nc(F)c(Cl)c(N)c1Cl,0.0
Cc1nn(C)c(Oc2ccccc2)c1C=NOCc1ccc(C(=O)OC(C)(C)C)cc1,1.0
CN(C)C(=O)Nc1ccccc1,0.0
CCCCCC(CO)CCC,0.0
O=[N+]([O-])c1ccc(O)cc1C(F)(F)F,1.0
CCCCCCCCCCCCCC[N+](C)(C)C,1.0
COc1ccc(C(=CC(=O)N2CCOCC2)c2ccc(Cl)cc2)cc1OC,1.0
O=C(O)c1cc(I)cc(I)c1I,0.0
Clc1cccc(C(Cl)(Cl)Cl)n1,0.0
CCN(CC)C(=O)c1cccc(C)c1,0.0
CCCN(CCC)c1c([N+](=O)[O-])cc(C(F)(F)F)cc1[N+](=O)[O-],0.0
CCN(Cc1cccc(S(=O)(=O)O)c1)c1ccccc1,0.0
CCCCCCCCC=CCCCCCCCC(=O)N(C)CC(=O)O,1.0
Cc1ccc(N=CN(C)C=Nc2ccc(C)cc2C)c(C)c1,1.0
C=C(C)C1C=CC(C)C(=O)C1,0.0
CC(CCO)CCCC(C)(C)O,0.0
O=C(Oc1ccccc1)c1ccccc1C(=O)Oc1ccccc1,0.0
C=CC(=O)OCCCCOC(=O)C=C,1.0
CCCCOCN(C(=O)CCl)c1c(CC)cccc1CC,0.0
COc1cc(OC)c2ccc(=O)oc2c1,0.0
CCC1OC2(CCC1C)CC1CC(CC=C(C)CC(C)C=CC=C3COC4C(O)C(C)=CC(C(=O)O1)C34O)O2,1.0
Fc1ccc(C2(Cn3cncn3)OC2c2ccccc2Cl)cc1,1.0
O=C1OC2C(O)C(O)OC2C1O,0.0
CCCCCCC=CCCCCCCCC(=O)O,0.0
O=C(O)CCCCCCCCCC(=O)O,0.0
CCN(Cc1c(F)cccc1Cl)c1c([N+](=O)[O-])cc(C(F)(F)F)cc1[N+](=O)[O-],1.0
CC1(C)CON(Cc2ccccc2Cl)C1=O,0.0
O=C(NC(=O)c1c(F)cccc1F)Nc1ccc(OC(F)(F)C(F)OC(F)(F)F)c(Cl)c1,0.0
CCOP(=S)(Oc1cnc(C(C)(C)C)nc1)OC(C)C,0.0
CNC(=O)CSP(=O)(OC)OC,0.0
C=C(C)C1CC=C(C=O)CC1,0.0
O=C1CCCCCCCCCCCC(=O)OCCO1,0.0
CCCCOC(=O)c1ccccc1C(=O)OCCCC,0.0
O=C(CCl)Nc1ccccc1,1.0
CC(C)Nc1nc(Cl)nc(NC(C)C)n1,0.0
CCCCNC(=S)NCCCC,0.0
OC(c1ccc(Cl)cc1)(c1ccc(Cl)cc1)C(Cl)(Cl)Cl,1.0
FC(F)C(F)(F)OCC(Cn1cncn1)c1ccc(Cl)cc1Cl,1.0
CC(=NNC(=O)Nc1cc(F)cc(F)c1)c1ncccc1C(=O)[O-],0.0
CC(C)C1(C)N=C(c2ncccc2C(=O)O)NC1=O,0.0
Cc1nc(N(C)C)nc(OC(=O)N(C)C)c1C,0.0
CSc1nc(N=[N+]=[N-])nc(NC(C)C)n1,1.0
CCCCCCCCCOS(=O)(=O)[O-],0.0
N#CCc1ccc(Cl)cc1Cl,0.0
CCOc1cc(C(C)(C)C)ccc1C1COC(c2c(F)cccc2F)=N1,1.0
COc1ccc(C(O)(c2cncnc2)C2CC2)cc1,0.0
O=[N+]([O-])NC1=NCCN1Cc1ccc(Cl)nc1,0.0
CCCCOC(=O)C(C)Oc1ccc(Oc2ccc(C#N)cc2F)cc1,1.0
CCNc1nc(Cl)nc(NC(C)(C)C#N)n1,0.0
CCCCCCCCCCCCCCC(Br)C(=O)O,0.0
O=C(O)COCC(=O)O,0.0
CCc1nn(C)c(C(=O)NCc2ccc(C(C)(C)C)cc2)c1Cl,1.0
CC1(C(=O)Nc2ccc(O)c(Cl)c2Cl)CCCCC1,1.0
C=CCC1=C(C)C(OC(=O)C2C(C=C(C)C)C2(C)C)CC1=O,1.0
CC(=NC#N)N(C)Cc1ccc(Cl)nc1,0.0
CON=C(C(=O)OC)c1ccccc1CON=C(C)c1cccc(C(F)(F)F)c1,1.0
CC1C(c2ccc(Cl)cc2)SC(=O)N1C(=O)NC1CCCCC1,1.0
CC(C)C(=O)OCCOc1ccccc1,0.0
CC(C)N(C(=O)COc1nnc(C(F)(F)F)s1)c1ccc(F)cc1,1.0
N#CCNCC#N,0.0
CC(C)N1C(=O)N(c2ccccc2)CSC1=NC(C)(C)C,1.0
c1ccc(CNCc2ccccc2)cc1,0.0
CC(C)(C)c1ccc(CSc2cnn(C(C)(C)C)c(=O)c2Cl)cc1,1.0
CSC1=NC(C)(c2ccccc2)C(=O)N1Nc1ccccc1,1.0
CCCCCCC1CCC(=O)O1,0.0
CCOP(=S)(OCC)Oc1cc(Cl)c(Br)cc1Cl,0.0
COc1cccc(C(=O)NN(C(=O)c2cc(C)cc(C)c2)C(C)(C)C)c1C,0.0
Nc1nc(N)nc(Cl)n1,0.0
CCCCC(CC)C(=O)OCCOCCOCCOCCOC(=O)C(CC)CCCC,1.0
CCC(=NOCC=CCl)C1C(=O)CC(C2CCOCC2)CC1=O,0.0
CC1COC(Cn2cncn2)(c2ccc(Oc3ccc(Cl)cc3)cc2Cl)O1,1.0
N#Cc1nn(-c2c(Cl)cc(C(F)(F)F)cc2Cl)c(N)c1[S+]([O-])C(F)(F)F,1.0
Cc1ccccc1COC1CC2(C(C)C)CCC1(C)O2,0.0
COC(=O)N(OC)c1ccccc1COc1ccn(-c2ccc(Cl)cc2)n1,1.0
CCCCCCC1CCOC1=O,0.0
CCC(C)OC(=O)N1CCCCC1CCO,0.0
CC1(c2ccc(Oc3ccccc3)cc2)OC(=O)N(Nc2ccccc2)C1=O,1.0
C=CCOC(=O)C(C)(C)OC(=O)c1cc(-n2c(=O)cc(C(F)(F)F)n(C)c2=O)ccc1Cl,1.0
c1ccc(Cc2ccccc2)cc1,0.0
CC(c1cc2ccccc2s1)N(O)C(N)=O,0.0
CCOC(=O)c1ccc(N)cc1,0.0
CSC(=O)c1c(C(F)F)nc(C(F)(F)F)c(C(=O)SC)c1CC(C)C,0.0
O=c1c2ccccc2oc2ccccc12,0.0
COCCCOCCCOC,0.0
CCCOC(=O)CCCCC(=O)OCCC,0.0
O=[N+]([O-])c1cc(C(F)(F)F)c(Cl)c([N+](=O)[O-])c1Nc1ncc(C(F)(F)F)cc1Cl,1.0
C=C(C)C(=O)OCCOC(=O)CC(C)=O,0.0
CC(C1CC1)C(O)(Cn1cncn1)c1ccc(Cl)cc1,1.0
CCCCOP(=O)(O)OCCCC,0.0
CCCCC(CC)(CO)CO,0.0
CC(C)Oc1ccccc1O,0.0
CN=C(NCc1cnc(Cl)s1)N[N+](=O)[O-],0.0
CCC(C)(O)CCC=C(C)C,0.0
OCCNCc1ccccc1,0.0
CC(CC(C)C)=NO,0.0
Cc1cc(O)c(Cl)c(C)c1Cl,0.0
N#Cc1cc(Br)c(O)c(Br)c1,0.0
C=CC(=O)OCCC#N,1.0
COP(=S)(NC(C)C)Oc1ccc(C)cc1[N+](=O)[O-],0.0
CCOC(=O)NCCOc1ccc(Oc2ccccc2)cc1,1.0
c1coc(CNc2ncnc3[nH]cnc23)c1,0.0
O=C([O-])c1cccnc1,0.0
N#Cc1ccc(CC(=O)c2cccc(C(F)(F)F)c2)cc1,1.0
CCCOCCOCCOCCO,0.0
Oc1ccc(Cl)cc1C1CCCC1,1.0
O=C(O)c1cc2ccccc2nc1C(=O)O,0.0
CCCCCCCCCCCCCCN(CCO)CCO,1.0
CC(=O)CN(CC(C)=O)N=O,0.0
CC1(C)C(=O)NC(=O)NC1=O,0.0
CC(C)(C)c1cc(CCC(=O)NN)cc(C(C)(C)C)c1O,0.0
CCCCCCCCCCCCCC[n+]1ccccc1,1.0
N#Cc1nc(Cl)c(Cl)c(Cl)c1Cl,1.0
CC(C)COP(=O)(OCC(C)C)OCC(C)C,0.0
CCCCCCOc1cc(C)c(O)c(C)c1C,1.0
Clc1nc(C(Cl)(Cl)Cl)c(Cl)c(Cl)c1Cl,1.0
OC(c1ccc(F)cc1)(c1cncnc1)c1ccccc1Cl,0.0
CCOC(=O)COC(=O)c1cc(Oc2ccc(C(F)(F)F)cc2Cl)ccc1[N+](=O)[O-],1.0
O=C(Nc1ccccc1)N(Cc1ccc(Cl)cc1)C1CCCC1,1.0
CC(=O)c1cc2c(cc1C)C(C)(C)C(C)CC2(C)C,0.0
OC(c1ccc(Cl)cc1)(c1ccc(Cl)cc1)c1cccnc1,1.0
CC(CCO)CCc1ccccc1,0.0
CCC(CO)CO,0.0
CCCCN(CCCCO)N=O,0.0
COC(=O)c1cc(Cl)ccc1[N+](=O)[O-],0.0
C=CC(=O)OCC1CC2CC1C1CCC(COC(=O)C=C)C21,1.0
CCn1c2ccccc2c2cc([N+](=O)[O-])ccc21,0.0
O=C(OCc1ccccc1)C(=O)OCc1ccccc1,0.0
CC(C)(C)C1CCCCC1O,0.0
Cc1cc(=O)n(-c2ccc(S(=O)(=O)O)cc2)[nH]1,0.0
C=CC(=O)OCC(C)OCC(C)OCC(C)OC(=O)C=C,1.0
NC(=O)CF,0.0
CC(O)CN(CCCN(C)C)CCCN(C)C,0.0
c1ccc(CNc2ncnc3[nH]cnc23)cc1,1.0
Cc1ccccc1N=C(N)N=C(N)N,0.0
CCCC(Cn1cncn1)c1ccc(Cl)cc1Cl,1.0
Cc1c(C(N)=O)cc([N+](=O)[O-])cc1[N+](=O)[O-],0.0
O=S(=O)(Oc1ccc(Cl)cc1)c1ccccc1,0.0
CCCCCCCCOS(=O)(=O)[O-],0.0
COP(N)(=S)Oc1ccccc1C(=O)OC(C)C,0.0
CC(C)c1ccc(NC(=O)N(C)C)cc1,0.0
N#Cc1cc(I)c(O)c(I)c1,1.0
CC1=C(C(=O)Nc2ccccc2)S(=O)(=O)CCO1,1.0
Cc1oc(C)c(C(=O)Nc2ccccc2)c1C,1.0
COC(=O)Nc1ccc(Cl)c(Cl)c1,0.0
CC(C)(C)c1ccc(C(=O)O)cc1,0.0
OC(Cn1cncn1)(c1ccc(F)cc1)c1ccccc1F,0.0
CCOc1ccc(NC(N)=O)cc1,0.0
CCCCCCCCCCCC(=O)NCCCN(C)C,1.0
CCCCOCCOCCOCCOCCO,0.0
O=C([O-])Cc1cccc2ccccc12,0.0
CCCCNC(=O)NCCCC,0.0
O=[N+]([O-])c1ccc(Oc2ccc(C(F)(F)F)cc2[N+](=O)[O-])cc1,1.0
CCOP(=O)(Sc1ccccc1)Sc1ccccc1,0.0
CCOC(=O)c1cn2nc(OP(=S)(OCC)OCC)cc2nc1C,1.0
CON(C)C(=O)Nc1ccc(Cl)cc1,0.0
CC(C)=CCCC(C)(O)C1CC=C(C)CC1,0.0
Cc1ccc(C(C)C)cc1O,0.0
Cc1ccc(S(=O)(=O)[O-])cc1,0.0
C=CC(C)(O)CCC=C(C)CCC=C(C)C,0.0
CCOc1ccccc1O,1.0
COC(N)=O,0.0
CNC(=S)NC,1.0
CC(C)(C1CCC(O)CC1)C1CCC(O)CC1,0.0
CCC1(CO)COCOC1,0.0
C=CC(=O)NCOCC(C)C,0.0
CC(C)CC(C)N(c1ccccc1)c1ccc(N)cc1,1.0
CC(=O)OCC(=O)C12N=C(C)OC1CC1C3CC=C4CC(=O)C=CC4(C)C3C(O)CC12C,0.0
CCNc1nc(NC(C)CC)nc(OC)n1,0.0
O=C([O-])CF,0.0
CCOP(=S)(OCC)SCn1nnc2ccccc2c1=O,1.0
COC(=O)COc1ccc(Cl)cc1Cl,0.0
CNC(=O)Oc1ccc(N(C)C)c(C)c1,0.0
CCOP(=S)(OCC)SCSc1ccc(Cl)cc1,0.0
CCCCc1c(C)nc(NCC)nc1OS(=O)(=O)N(C)C,1.0
COC(=O)C1(O)c2ccccc2-c2ccccc21,0.0
O=C(O)C(c1ccc(Cl)cc1)c1ccc(Cl)cc1,0.0
CCCCCCCCCCCC[N+](C)(C)CC(=O)[O-],0.0
CC1(C)C(=O)C(C)(C)C1=O,0.0
CC12CCC(=O)C=C1CCC1C2C(=O)CC2(C)C1CCC2(O)C(=O)CO,0.0
Cc1ccc(NC=O)c(C)c1,0.0
Nc1ccc([As](=O)(O)O)cc1,0.0
Cc1cc(OCCOCC[N+](C)(C)Cc2ccccc2)ccc1C(C)(C)CC(C)(C)C,1.0
O=C(NC(=O)c1c(F)cccc1F)Nc1cc(Cl)c(F)c(Cl)c1F,0.0
CCOc1cc([N+](=O)[O-])c(OCC)cc1N1CCOCC1,1.0
CCC(c1ccc(O)cc1)C(CC)c1ccc(O)cc1,1.0
CC(O)(c1ccc(Cl)cc1)c1ccc(Cl)cc1,1.0
CC(=O)CCc1ccc(O)cc1,0.0
NNC(=O)c1cccc(C(=O)NN)c1,0.0
O=[N+]([O-])c1ccccc1[O-],0.0
N#CSc1ccc([N+](=O)[O-])cc1[N+](=O)[O-],1.0
C=CS(=O)(=O)[O-],0.0
CCOC(=O)Cc1cccc2ccccc12,0.0
CCC1COC(=O)O1,0.0
COCc1ccc(COC)cc1,0.0
CCOC(=O)CC(CC(=O)OCC)(OC(C)=O)C(=O)OCC,0.0
CCCCCCC(C)Nc1ccc(Nc2ccccc2)cc1,1.0
CC1CC(O)CC(C)(C)C1,0.0
CCC[N+](CCC)(CCC)CCC,0.0
CCCCCCCCCCCCCC(=O)OCC(O)CO,0.0
NCCCN(CCO)CCO,0.0
CC(C)OC(=O)c1ccccc1C(=O)OC(C)C,0.0
Cc1cc(O)c(C(C)(C)C)cc1C(C)(C)C,1.0
C=C[Si]1(C)O[Si](C)(C=C)O[Si](C)(C=C)O[Si](C)(C=C)O1,0.0
CCCCCCCCCCCCN(CCO)CCO,1.0
CC(=O)C1(O)CCC2C3CC=C4CC(=O)CCC4(C)C3CCC21C,1.0
O=C(C(O)CO)C(O)CO,0.0
Cc1cc(=O)oc2cc(N(C)C)ccc12,1.0
CCCCCCCC(=O)OCC(O)CO,0.0
CC(C)(C)C1(CCc2ccc(Cl)cc2)CO1,0.0
COc1cc(S(=O)(=O)Nc2ccccc2)c(OC)cc1N,0.0
CC1OC(OC2CC(O)C3(CO)C4C(O)CC5(C)C(C6=CC(=O)OC6)CCC5(O)C4CCC3(O)C2)C(O)C(O)C1O,1.0
CCCCCCCc1ccc(O)cc1,1.0
CCCCCCCCN1CCCC1=O,0.0
CCOc1ccc(NC(=O)CC(C)=O)cc1,0.0
CCC(C)c1cc([N+](=O)[O-])cc([N+](=O)[O-])c1OC(=O)C=C(C)C,1.0
COC(=O)C(C)N(C(=O)Cc1ccccc1)c1c(C)cccc1C,1.0
CCCCCC(C)OC(=O)COc1ccc(Cl)c2cccnc12,0.0
CCNC(=O)C(C)OC(=O)Nc1ccccc1,0.0
CC(C)OC(=O)C(C)N(C(=O)c1ccccc1)c1ccc(F)c(Cl)c1,0.0
CCCN(CC1CC1)c1c([N+](=O)[O-])cc(C(F)(F)F)cc1[N+](=O)[O-],0.0
O=C(NC(=O)c1c(F)cccc1F)Nc1cc(Cl)c(Oc2ncc(C(F)(F)F)cc2Cl)c(Cl)c1,1.0
CCC1COC(Cn2cncn2)(c2ccc(Cl)cc2Cl)O1,1.0
CCOC(=O)C(C)Oc1ccc(Oc2nc3ccc(Cl)cc3o2)cc1,1.0
CC(C)=CC1C(C(=O)OCc2cccc(Oc3ccccc3)c2)C1(C)C,0.0
CCOP(=O)(OCC)OC(=CCl)c1ccc(Cl)cc1Cl,1.0
Cc1cc(Cl)ccc1N=CN(C)C,0.0
CCOP(=S)(OCC)Oc1ncn(-c2ccccc2)n1,0.0
CCOCn1c(-c2ccc(Cl)cc2)c(C#N)c(Br)c1C(F)(F)F,1.0
CCOC(=O)CCN(SN(C)C(=O)Oc1cccc2c1OC(C)(C)C2)C(C)C,0.0
Oc1ccc(C2(c3ccc(O)cc3)c3ccccc3-c3ccccc32)cc1,1.0
O=C1NC(=O)c2cccc3cccc1c23,0.0
CC1(C)NC(=O)N(c2ccc([N+](=O)[O-])c(C(F)(F)F)c2)C1=O,1.0
COc1ccc(N)c([N+](=O)[O-])c1,0.0
Cc1ccnc(N)c1,0.0
CCCCP(CCCC)CCCC,0.0
SCCSCCS,0.0
C=C(C)C(=O)OCCC(C)OC(=O)C(=C)C,0.0
CCOc1ccc(N)c([N+](=O)[O-])c1,0.0
OCC1CC2CC1C1CCC(CO)C21,0.0
O=Cc1ccc(Cl)c([N+](=O)[O-])c1,1.0
COC(=O)c1cc(Oc2ccc(Cl)cc2Cl)ccc1[N+](=O)[O-],1.0
COC(C)CCO,0.0
NS(=O)(=O)c1ccccc1Cl,0.0
Nc1ccccc1S(=O)(=O)c1ccccc1,0.0
CC(=O)c1c(C)c([N+](=O)[O-])c(C(C)(C)C)c([N+](=O)[O-])c1C,0.0
IC(I)=C(I)I,1.0
c1cc(CCCc2ccncc2)ccn1,0.0
CCC(C)(C)C1CCC(O)CC1,0.0
C=C(C)C(=O)[O-],0.0
Cc1ccccc1S(N)(=O)=O,0.0
CC(C=O)Cc1ccc2c(c1)OCO2,0.0
BrCc1cccc(Oc2ccccc2)c1,0.0
CC1(C)C2CCC1(C)C(O)C2,0.0
CC(=O)Nc1ccc(C)cc1C,0.0
OCC1(CO)COCOC1,0.0
NC(=O)c1ccc(N)cc1,0.0
O=S(=O)(O)c1ccc2ccccc2c1,0.0
C=CC(=O)N1CCOCC1,0.0
CCCCCCCCCCC1CO1,0.0
O=P(Cl)(Oc1ccccc1)Oc1ccccc1,0.0
O=S(=O)(c1ccccc1)c1ccc(Cl)cc1,0.0
COC(=O)c1c(C)cc(O)c(C)c1O,1.0
CCCCCCCCC(CCCCCC)C(=O)O,0.0
COc1c(Br)cc(Br)c(C)c1Br,0.0
CC(C)(O)C(=O)c1ccccc1,0.0
C=C(C)C(=O)OCCCCOC(=O)C(=C)C,0.0
CCCCC(CC)CO[PH](=O)OCC(CC)CCCC,0.0
C=C(C)C(=O)OCC(O)COc1ccc(C(C)(C)c2ccc(OCC(O)COC(=O)C(=C)C)cc2)cc1,1.0
CC(C)(C)c1cccc(O)c1,0.0
CCCCS(=O)(=O)Cl,0.0
OCCC1CCCCN1,0.0
CC(=O)OCC(C)OC(C)=O,0.0
CCC(CO)(CO)COCC(CC)(CO)CO,0.0
CN(C1CCCCC1)S(=O)(=O)c1ccccc1N,1.0
CCCCCc1ccc(N)cc1,0.0
O=C1CCCN1CCO,0.0
Nc1ccc(C(=O)OCCCOC(=O)c2ccc(N)cc2)cc1,1.0
C1CC(COCC2CO2)CCC1COCC1CO1,0.0
CCCCOC(=O)CCC(C)=O,0.0
C=CC(=O)OCCOc1ccccc1,0.0
CC(=O)NCCO,0.0
COc1cc(Cl)c(OC)cc1N,0.0
C=CC(=O)OCCn1c(=O)n(CCOC(=O)C=C)c(=O)n(CCOC(=O)C=C)c1=O,1.0
CC(C)(c1cc(Br)c(OCCO)c(Br)c1)c1cc(Br)c(OCCO)c(Br)c1,1.0
CN(C)C(=O)Nc1cccc(OC(=O)NC(C)(C)C)c1,0.0
CC(C)(C)c1cc([N+](=O)[O-])cc(C(C)(C)C)c1O,1.0
OCC(O)C(O)C(O)C(O)CO,0.0
CN1Cc2c(N)cccc2C(c2ccccc2)C1,0.0
Oc1cc2ccccc2n1-c1c(Cl)cccc1Cl,1.0
CCCCCCCCCCCCN1CCCCCC1=O,1.0
OC1CCC(C2CCCCC2)CC1,0.0
Cc1ccc(S(=O)(=O)[O-])c(C)c1,0.0
Cc1ccc(C(C)c2ccc(C)c(C)c2)cc1C,0.0
CCCCN(CCC(=O)OCC)C(C)=O,0.0
CCCCCCCCOCCCN,0.0
CCCCc1c(C)[nH]c(NCC)nc1=O,1.0
CCC(=O)OCc1ccccc1,0.0
C=CCOC(=O)c1ccc(C(=O)OCC=C)c(C(=O)OCC=C)c1,0.0
FC(F)(F)C(=NOCC1OCCO1)c1ccc(Cl)cc1,0.0
CCCCNS(=O)(=O)c1ccc(C)cc1,0.0
CC1(CO)CN(c2ccccc2)NC1=O,0.0
O=S(=O)(O)c1cc(Cl)c(Cl)cc1Cl,0.0
CCNc1nc(NC(C)C)nc(OC)n1,0.0
CC12CCC3c4ccc(O)cc4CCC3C1CCC2OC(=O)CCC1CCCC1,1.0
CCC(C)c1nccnc1OC,0.0
CCC1OC(=O)C(C)C(OC2CC(C)(OC)C(O)C(C)O2)C(C)C(OC2OC(C)CC(N(C)C)C2O)C(C)(O)CC(C)C(=NOCOCCOC)C(C)C(O)C1(C)O,0.0
CCCC=CCO,0.0
CC#CC1(O)CCC2C3=C(C4=C(CC3)CC(=O)CC4)C(c3ccc(N(C)C)cc3)CC21C,1.0
COC(=O)c1ccccc1S(=O)(=O)NC(=O)Nc1nc(C)cc(C)n1,0.0
CNC(=O)ON=C(CSC)C(C)(C)C,0.0
Clc1ccc(C2(Cn3cncn3)OCCO2)c(Cl)c1,0.0
Cc1cc(OC(=O)N(C)C)nn1C(=O)N(C)C,0.0
ClC1=C(Cl)C2(Cl)C(CBr)CC1(Cl)C2(Cl)Cl,1.0
CC(Oc1ccc(Oc2ncc(C(F)(F)F)cc2Cl)cc1)C(=O)O,1.0
N#CCN(CC#N)CCN(CC#N)CC#N,0.0
Cc1cnc2c(C(=O)O)c(Cl)ccc2c1,0.0
O=C(NC(=O)c1ccccc1Cl)Nc1ccc(OC(F)(F)F)cc1,1.0
O=c1[nH]nc(-c2ccc([N+](=O)[O-])o2)o1,0.0
CC(Oc1cc(Cl)ccc1Cl)C(=O)O,0.0
O=C(O)CONC(=O)c1ccccc1,0.0
Cc1cccc(OCCOc2cccc(C)c2)c1,0.0
O=[N+]([O-])c1ccc(Nc2ccc(Nc3ccccc3)c(S(=O)(=O)[O-])c2)c([N+](=O)[O-])c1,0.0
O=c1ccc(=Nc2ccc(CCO)cc2)c2c(O)c3c(=[N+]([O-])O)ccc(=O)c3c(O)c12,0.0
COc1ccc(C(=O)C(Br)=CC(=O)[O-])cc1,1.0
O=C(Nc1ccc2c(c1)Cc1ccccc1-2)C(F)(F)F,0.0
CNC(=O)Nc1ccc(Cl)c(Cl)c1,0.0
CCCN(CCC)c1c([N+](=O)[O-])cc(S(C)(=O)=O)cc1[N+](=O)[O-],1.0
CN(C)C(=O)Nc1ccc(Oc2ccc(Cl)cc2)cc1,1.0
CC(C)(C#N)Nc1nc(Cl)nc(NC2CC2)n1,0.0
CCOC(O)=c1cc(O)c(=C(O)C2CC2)c(O)c1,0.0
COP(=S)(OC)Oc1ccc(S(=O)(=O)N(C)C)cc1,0.0
CCOC(=O)NC(=S)Nc1ccccc1NC(=S)NC(=O)OCC,1.0
O=C(O)Cc1c(Cl)ccc(Cl)c1Cl,0.0
CC(C)(CO)[N+](=O)[O-],0.0
CCCCC(CC)COC(=O)COc1cc(Cl)c(Cl)cc1Cl,0.0
CC(C)OC(=O)C(O)(c1ccc(Cl)cc1)c1ccc(Cl)cc1,1.0
CCOc1ccc(NC(=O)OC(C)C)cc1OCC,0.0
CC(C)=CC1C(C(=O)OC(C#N)c2cccc(Oc3ccccc3)c2)C1(C)C,0.0
O=c1c(C(CC(O)c2ccc(-c3ccc(Br)cc3)cc2)c2ccccc2)c(O)oc2ccccc12,0.0
CCOC(=O)c1ccccc1C(=C1C=C(Br)C(=O)C(Br)=C1)c1cc(Br)c(O)c(Br)c1,0.0
Cc1cc(O)c(Cl)cc1C,0.0
O=C1Nc2ccccc2C1(c1ccc(O)cc1)c1ccc(O)cc1,1.0
CCCCCCCCCCOC1OC(CO)C(O)C(O)C1O,1.0
CCCC(C)c1ccccc1O,0.0
C#CC1(O)CCC2C3CCC4=Cc5oncc5CC4(C)C3CCC21C,1.0
NC(Cc1cc(I)c(Oc2ccc(O)c(I)c2)c(I)c1)C(=O)O,0.0
Cc1cc(N)n(-c2ccccc2)n1,0.0
CC(C)CCCC(C)(C)O,0.0
NC(=S)NC(N)=S,0.0
CC(CN=Cc1ccccc1O)N=Cc1ccccc1O,0.0
O=C(O)c1cc(Br)c(O)c(Br)c1,0.0
CC1=Nc2ccc3ccccc3c2C1(C)C,0.0
CCCCN1C(=O)c2ccccc2C1=O,0.0
CCOC(=O)Cn1c(=O)sc2cccc(Cl)c21,0.0
CON(C)C(=O)Nc1ccc(Br)cc1,0.0
CCCCCCCCSCCO,0.0
N#C[S-],0.0
C#CC1(O)CCC2C3CCC4=CCCCC4C3CCC21C,1.0
CC(C)(C)c1cc(CCC(=O)OCC(COC(=O)CCc2cc(C(C)(C)C)c(O)c(C(C)(C)C)c2)(COC(=O)CCc2cc(C(C)(C)C)c(O)c(C(C)(C)C)c2)COC(=O)CCc2cc(C(C)(C)C)c(O)c(C(C)(C)C)c2)cc(C(C)(C)C)c1O,0.0
CCC=CCCO,0.0
CC(C)NC(=O)NC(C)C,0.0
COC(=O)c1sccc1S(N)(=O)=O,0.0
Cc1cc(Br)ccc1NC(=O)CCl,1.0
Cc1cccc(Nc2ccccc2C(=O)O)c1C,0.0
Oc1ccc(Nc2ccccc2)cc1,1.0
CCC1(C)NC(=O)NC1=O,0.0
O=C1CCCCCN1SSN1CCCCCC1=O,0.0
NC(=O)CN1CCCC1=O,0.0
O=C(Nc1ccccc1)c1cc([N+](=O)[O-])ccc1Cl,0.0
O=c1[n-]c(O)cn1N=Cc1ccc(-c2ccc([N+](=O)[O-])cc2)o1,1.0
CCOC(=O)N(C)C(=O)CSP(=S)(OCC)OCC,0.0
ClCCOCCOCCCl,0.0
CCCCNP(N)(N)=S,0.0
COC(=O)CCCCC(=O)O,0.0
OCCN1CCOCC1,0.0
CC(C)(C)C1CCC(=O)CC1,0.0
C=CC(O)CCCCC,0.0
CC1CN(c2ccccc2)NC1=O,0.0
Oc1[nH]c(O)c2c1CC=CC2,1.0
CCOC(=O)CP(=O)(OCC)OCC,0.0
O=P(c1ccccc1)(c1ccccc1)c1ccccc1,0.0
C=CCc1ccccc1O,0.0
BrCc1ccc(Br)cc1,0.0
CCC(C)c1cccc(C(C)CC)c1O,0.0
NCCCN1CCOCC1,0.0
Nc1ccc(S(=O)(=O)O)c(N)c1,0.0
CCCCCCCCCCCCCCCC[N+](C)(C)Cc1ccccc1,1.0
CC(=O)CC(=O)Nc1ccc(C)cc1C,0.0
OCCN(CCO)CCN(CCO)CCO,0.0
COc1nc(C)nc(N)n1,0.0
CCCC[N+](C)(CCCC)CCCC,0.0
CCCCCCCCCCCCCOS(=O)(=O)[O-],0.0
CN(C)c1ccc(C(c2ccccc2)c2ccc(N(C)C)cc2)cc1,1.0
N#Cc1ccccc1O,0.0
N#Cc1ccc(C(=O)O)cc1,0.0
O=Cc1ccc(F)cc1,0.0
Nc1cc(C(=O)O)ccc1Cl,0.0
COc1cc([N+](=O)[O-])ccc1N,0.0
O=C(c1ccc(Cl)cc1)c1ccc(Cl)cc1,0.0
COc1cccc(C=O)c1,0.0
O=C(O)C=Cc1ccccc1,0.0
Nc1cc[nH]c(=O)n1,0.0
CC(=O)C1CCC2C3CC=C4CC(O)CCC4(C)C3CCC12C,0.0
C[N+](C)(C)CC(=O)O,0.0
COc1ccc2ccccc2c1,0.0
CCCC[N+](CCCC)(CCCC)CCCC,1.0
CC(=O)SC1C=C2CC(=O)CCC2(C)C2CCC3(C)C(CCC34CCC(=O)O4)C12,0.0
O=C1CCCC(=O)C1,0.0
CC1OC(=O)C(C)OC1=O,0.0
CC(=NO)C(C)=NO,0.0
CC(Cc1ccc(O)c(O)c1)C(C)Cc1ccc(O)c(O)c1,1.0
COc1cc2c(cc1OC)C13CCN4CC5=CCOC6CC(=O)N2C1C6C5CC43,1.0
O=S(=O)(O)C(F)(F)F,0.0
CN(C)c1ccncc1,0.0
CC(=O)Nc1ccccc1O,0.0
CC(=O)Nc1ccc(C)c(Cl)c1,0.0
Oc1ccc(Oc2ccccc2)cc1,1.0
COc1cc(C2c3cc4c(cc3C(OC3OC5COC(C)OC5C(O)C3O)C3COC(=O)C23)OCO4)cc(OC)c1O,1.0
O=C1CCCCCCCCCCC(=O)OCCO1,0.0
CCC(C(=O)NC(N)=O)c1ccccc1,0.0
CNC(=O)Oc1c(C(C)(C)C)cc(C)cc1C(C)(C)C,0.0
COc1ccc(OC)c(NC(=O)CC(C)=O)c1,0.0
CC1OC1C1CCC2(C)OC2C1,0.0
CCOP(=S)(NC(C)C)Oc1ccccc1C(=O)OC(C)C,1.0
CCN(CC)c1c([N+](=O)[O-])cc(C(F)(F)F)c(N)c1[N+](=O)[O-],1.0
CC1(C)C(C=C2CCSC2=O)C1C(=O)OCc1coc(Cc2ccccc2)c1,0.0
CCNc1nc(NC(C)C(C)C)nc(SC)n1,0.0
CCC(C)c1cc([N+](=O)[O-])cc([N+](=O)[O-])c1OC(=O)OC(C)C,1.0
CC(=O)Oc1ccc(C(C)=O)cc1,0.0
Cc1c([N+](=O)[O-])cc2c(c1[N+](=O)[O-])C(C)(C)CC2(C)C,0.0
C=CCOCC(O)CCl,0.0
CCCCCCCCP(=O)(O)O,0.0
CCC(Br)(CC)C(=O)NC(N)=O,0.0
CON=C(C(=O)OC)c1ccccc1COc1ccccc1C,0.0
O=C(NCc1cccnc1)Nc1ccc([N+](=O)[O-])cc1,1.0
CC(C)C(C(=O)OC(C#N)c1cccc(Oc2ccccc2)c1)c1ccc(OC(F)F)cc1,0.0
NC(=O)Nc1ccc(Cl)c(Cl)c1,0.0
O=C1C(Cl)C(CCl)CN1c1cccc(C(F)(F)F)c1,1.0
CNP(=O)(OC)Oc1ccc(C(C)(C)C)cc1Cl,1.0
Cc1ccc(N)cc1S(=O)(=O)O,0.0
CSc1nc(NC2CC2)nc(NC(C)(C)C)n1,1.0
O=CNC(N1CCN(C(NC=O)C(Cl)(Cl)Cl)CC1)C(Cl)(Cl)Cl,0.0
CC1OC(OC2C(O)CC(OC3C(O)CC(OC4CCC5(C)C(CCC6C5CCC5(C)C(C7=CC(=O)OC7)CCC65O)C4)OC3C)OC2C)CC(O)C1O,1.0
CCC(=O)OC1CCC2C3CC=C4CC(=O)CCC4(C)C3CCC12C,1.0
CNC(=O)ON=C(C)C(C)S(C)(=O)=O,0.0
CC1(C)CCC(Cc2ccc(Cl)cc2)C1(O)Cn1cncn1,1.0
CC12CCC3C(CCC4C(=O)C(=O)CCC43C)C1CCC2=O,1.0
CCOC(=O)CCC(C)=O,0.0
COc1ccccc1OC,0.0
CC1=CCC(C(C)(C)O)CC1,0.0
Cc1nc(C)c(C)nc1C,0.0
CCOC(=O)n1ccn(C)c1=S,0.0
C#CC1(O)CCC2C3CC=C4CC(=O)CCC4(C)C3CCC21C,0.0
O=C(O)CCc1ccccc1,0.0
CCc1ccc(C=O)cc1,0.0
CCCCCC(=O)OC1(C(C)=O)CCC2C3CC=C4CC(=O)CCC4(C)C3CCC21C,1.0
COC(=O)c1ccccc1OC,0.0
CCNC(=O)C1CC(C)CCC1C(C)C,0.0
O=C1[N-]C(=O)C(c2ccccc2)(c2ccccc2)N1,1.0
CCCC(=O)c1ccccc1,0.0
CCC(=O)OC(C)c1ccccc1,0.0
COc1cccc(OC)c1,0.0
CC(C(=O)O)c1ccc(-c2ccccc2)c(F)c1,0.0
CN(C)C,0.0
COc1ccnc(C[S+]([O-])c2nc3cc(OC(F)F)ccc3[n-]2)c1OC,1.0
O=C1CC2(CCCC2)CC(=O)N1CCCCN1CCN(c2ncccn2)CC1,1.0
CN=C(C[N+](=O)[O-])NCCSCc1ccc(CN(C)C)o1,0.0
CCCCCCCCCCCCOCCOS(=O)(=O)[O-],1.0
CCCCCCCCCCCCCCCCCCOS(=O)(=O)[O-],0.0
O=c1[nH]c(=O)n(Cl)c(=O)n1Cl,0.0
CC(C)CCCC(=O)O,0.0
C=CC1(C)CC(=O)C2(O)C(C)(O1)C(OC(C)=O)C(O)C1C(C)(C)CCC(O)C12C,1.0
CC12CCC(=O)C=C1CCC1C2CCC2(C)C(C(=O)CO)CCC12,1.0
C=C(c1ccc(C(=O)O)cc1)c1cc2c(cc1C)C(C)(C)CCC2(C)C,1.0
CCCc1c(OCCCOc2ccc(OCC(=O)O)cc2)ccc(C(C)=O)c1O,0.0
CC(C)c1c(C(=O)Nc2ccccc2)c(-c2ccccc2)c(-c2ccc(F)cc2)n1CCC(O)CC(O)CC(=O)O,1.0
C#CC1(O)CCC2C3CC=C4CC(=O)CCC4C3CCC21C,1.0
CCOC(=O)OC1=C(c2cc(C)ccc2C)C(=O)NC12CCC(OC)CC2,0.0
Cc1ccccc1C(=O)Nc1cccc(OC(C)C)c1,1.0
Clc1ccc(C2(Cn3cncn3)CC(Br)CO2)c(Cl)c1,1.0
COc1cc(OC)nc(Oc2cccc(Oc3nc(OC)cc(OC)n3)c2C(=O)[O-])n1,0.0
COC(=O)c1ccc(C(=O)OC)c(C(=O)OC)c1,0.0
C=CCCC(=O)C=CC1=C(C)CCCC1(C)C,0.0
On1nnc2ccccc21,0.0
O=C(C=Cc1ccccc1)OCC=Cc1ccccc1,0.0
COC(=O)C(C)N(C(=O)c1ccco1)c1c(C)cccc1C,0.0
CCCCCCCCCCC=CC#N,0.0
CC(C)C1CCC(Cc2ccc(Cl)cc2)C1(O)Cn1cncn1,1.0
CC(C)CC(=O)OCc1ccccc1,0.0
CC(O)C1CCCCC1,0.0
CC(C#N)(CCC(=O)O)N=NC(C)(C#N)CCC(=O)O,0.0
NC(Cc1cc(I)c(Oc2ccc(O)c(I)c2)c(I)c1)C(=O)[O-],0.0
C=C(C)C1CCC(C)CC1O,0.0
O=C1CCCC=CCCCCCCCCCC1,0.0
CC(C)(O)Cc1ccccc1,1.0
COc1ccc(COC=O)cc1,1.0
C=CCCCCCCCCO,0.0
COC(CC(C)CCCC(C)(C)O)OC,0.0
COc1cc(C=O)ccc1OC(=O)C(C)C,0.0
CC1(C)CCCC2(C)C1CCC1(C)OC(=O)CC12,0.0
CCCCCCCC#N,0.0
CC(CCC(=O)NCC(=O)O)C1CCC2C3C(O)CC4CC(O)CCC4(C)C3CC(O)C12C,1.0
COc1cc(C)cc(O)c1,0.0
CCCc1ccccc1O,0.0
CCC(=O)OCc1ccc(OC)cc1,0.0
O=C1CCCCCCCCCCOCCCCO1,0.0
Cc1cccc(C(C)(C)C)c1O,0.0
CC(=O)Oc1ccc([N+](=O)[O-])cc1CCl,1.0
CC(=O)c1sc(C)nc1C,0.0
CCCCC1CCC(=O)O1,0.0
C=CC(=O)OCCOC(=O)C=C,1.0
FC(F)(F)C(F)(F)C(F)(F)C(F)(F)CCI,0.0
c1cnc2c(n1)CCCC2,0.0
CC(=O)C1(O)CCC2C3CC(C)=C4CC(=O)C=CC4(C)C3(F)C(O)CC21C,1.0
CCCCc1ccc(O)cc1,1.0
CC(=O)OC(c1ccccc1)C(Cl)(Cl)Cl,0.0
CCCCCCCCCCCC[N+](C)(C)CCCCCCCCCCCC,1.0
CC1(C)OC2CC3C4CC(F)C5=CC(=O)CCC5(C)C4C(O)CC3(C)C2(C(=O)CO)O1,0.0
CCCCCCCCC1CCC(=O)O1,0.0
CCCC(CCC)C(=O)[O-],0.0
CC1CCC(=O)O1,0.0
O=C1CC2CC1C1CCCC21,0.0
CC1CCC(=O)C1=O,0.0
CC(C)(O)CCc1ccccc1,0.0
OCC1CC=CCC1,0.0
O=CN(CCO)CCO,0.0
CC(C)(C)N(NC(=O)c1ccc(Cl)cc1)C(=O)c1ccccc1,1.0
CC(=O)CCc1ccc2c(c1)OCO2,0.0
Cc1nnc(-c2ccccc2)c(=O)n1N,0.0
CC(=O)c1ccc2c(c1)CCCC2,0.0
CCOC(=O)c1ccccc1OC,0.0
CCOc1ccc(O)cc1,1.0
COP(=O)(O)OP(=O)(O)OC,0.0
CC(C)=CCOC(=O)c1ccccc1,0.0
CCC(=O)Oc1ccc(C(CC)=C(CC)c2ccc(OC(=O)CC)cc2)cc1,1.0
C[Si](C)(CCCN)O[Si](C)(C)CCCN,0.0
C=CC(C)(O)CCC1C(C)(O)CCC2C(C)(C)CCCC21C,1.0
O=S(=O)(Oc1ccc(Cl)cc1)c1ccc(Cl)cc1,0.0
CC12CCC3C(CC=C4CC(O)CCC43C)C1CCC2=O,1.0
CC(C)n1c(C=CC(O)CC(O)CC(=O)O)c(-c2ccc(F)cc2)c2ccccc21,0.0
O=S(=O)(c1ccc(Cl)cc1)c1cc(Cl)c(Cl)cc1Cl,0.0
NC(N)=S,0.0
O=[N+]([O-])c1ccc2c(c1)Cc1ccccc1-2,0.0
CC(C)OC(=O)COc1ccc(Cl)cc1Cl,0.0
Nc1cc([N+](=O)[O-])ccc1O,0.0
Cc1cccc(C(=O)O)c1,0.0
CC(C)c1ccc(CO)cc1,0.0
Clc1ccc(C(c2ccccc2Cl)C(Cl)Cl)cc1,1.0
O=S1(=O)CC=CC1,0.0
CC(O)CC(C)(C)O,0.0
O=NN1CCCCCC1,0.0
Nc1ccc(Cl)c(N)c1,0.0
NC=O,0.0
O=C(O)C=CC(=O)O,0.0
S=C(NC1CCCCC1)NC1CCCCC1,1.0
Nc1ccc(Cl)c(Cl)c1,1.0
O=[N+]([O-])c1cc([As](=O)(O)O)ccc1O,0.0
O=S(=O)(c1ccc(O)cc1)c1ccc(O)cc1,0.0
CNC(=S)N(C)C,1.0
N#CC(c1ccccc1)c1ccccc1,1.0
CC(=O)Nc1ccc2c(c1)Cc1cc(NC(C)=O)ccc1-2,0.0
O=C(c1ccccc1)c1ccc(O)cc1O,0.0
O=NN1CCOCC1,1.0
CCCCN(CC)C(=O)SCCC,1.0
O=C(O)COc1cc(Cl)c(Cl)cc1Cl,1.0
CCc1ccc(C(c2ccc(CC)cc2)C(Cl)Cl)cc1,1.0
Nc1cc(Cl)c(-c2cc(Cl)c(N)cc2Cl)cc1Cl,1.0
Oc1c(Cl)cc(Cl)cc1Sc1cc(Cl)cc(Cl)c1O,1.0
O=C(Oc1ccccc1)c1ccccc1O,0.0
O=C1NS(=O)(=O)c2ccccc21,0.0
OCC(O)c1oc(O)c(O)c1O,0.0
Nc1nc(N)nc(-c2ccccc2)n1,0.0
CC(C)OC(=O)Nc1ccccc1,0.0
Cc1ncc([N+](=O)[O-])n1C,0.0
OCC(O)C1OC2OC(C(Cl)(Cl)Cl)OC2C1O,0.0
COC1=CC(=O)CC(C)C12Oc1c(Cl)c(OC)cc(OC)c1C2=O,1.0
Cc1cc(C)nc(NS(=O)(=O)c2ccc(N)cc2)n1,0.0
CC1(C)C(C=C(Br)Br)C1C(=O)OC(C#N)c1cccc(Oc2ccccc2)c1,0.0
Cc1ccccc1C=O,0.0
CC1(C)OC2CC3C4CC=C5CC(=O)C=CC5(C)C4(F)C(O)CC3(C)C2(C(=O)CO)O1,0.0
COP(C)(=O)OC,0.0
CC(C)N(C(=O)CCl)c1ccccc1,1.0
O=C1CCCCCCCCCCC1,0.0
CC1OC(OC2C(O)CC(OC3C(O)CC(OC4CCC5(C)C(CCC6C5CC(O)C5(C)C(C7=CC(=O)OC7)CCC65O)C4)OC3C)OC2C)CC(O)C1O,1.0
O=C1CCCCCCCCCCCN1,0.0
CCCCOCCOCCOC(=O)CCCCC(=O)OCCOCCOCCCC,0.0
O=C(O)CCCCC1CCSS1,0.0
CCCCC(CC)C(=O)[O-],0.0
C=C(C)C1CC=C(C)C(OC(C)=O)C1,0.0
CCCCCCOCCOCCO,0.0
COCCOCCOCCO,0.0
COC(=O)c1ccc(C)cc1,0.0
OCCOCCOCCOCCOCCO,0.0
O=C(OC1CCCCC1)c1ccccc1C(=O)OC1CCCCC1,0.0
O=C(NC(=O)c1c(F)cccc1F)Nc1ccc(Cl)cc1,1.0
Nc1ccn(C2CSC(CO)O2)c(=O)n1,0.0
CC(C)CC(=O)CC(C)CC(C)C,1.0
CCOP(=O)(Cl)Cl,1.0
CC1(C)CN=C(NN=C(C=Cc2ccc(C(F)(F)F)cc2)C=Cc2ccc(C(F)(F)F)cc2)NC1,1.0
NC(CO)(CO)CO,0.0
C=CC(=O)OCCCCCCOC(=O)C=C,1.0
Nc1ccn(C2CCC(CO)O2)c(=O)n1,0.0
CCCC=NO,0.0
Cc1ccc2oc(=O)ccc2c1,0.0
CCCCNS(=O)(=O)c1ccccc1,1.0
c1ccc2c(c1)c1cccc3ccc4cccc2c4c31,1.0
CN(C)c1cccc(O)c1,0.0
CCC1(c2ccccc2)C(=O)NCNC1=O,0.0
CCOC(=O)c1ccccc1N,0.0
Nc1cccc(Cl)c1,1.0
O=C1OC(=O)c2c(Cl)c(Cl)c(Cl)c(Cl)c21,1.0
OCCN(CCO)c1cccc(Cl)c1,0.0
CC(=O)C=Cc1ccccc1,0.0
O=C(O)CCC(=O)O,0.0
COc1c2ccoc2cc2oc(=O)ccc12,1.0
CC(=O)CC(=O)N(C)C,0.0
CNC(=O)ON=CC(C)(C)S(C)(=O)=O,0.0
CCCCCCC(O)CCCCCCCCCCC(=O)OC,0.0
CCOP(=S)(OCC)Oc1cnc2ccccc2n1,1.0
COC(=O)CCSCCC(=O)OC,0.0
Nc1ccccc1[N+](=O)[O-],0.0
COC(=O)C1CCC(C(=O)OC)CC1,0.0
CC(C)(CO)CO,0.0
O=C(O)CS,0.0
CCCCCc1cc(O)cc(O)c1,1.0
Nc1ccc(S(N)(=O)=O)cc1,0.0
Cc1oc2c(NC(=O)c3c(Cl)cccc3Cl)cccc2c1C(C)(C)O,1.0
CS(=O)(=O)c1ccc(C(CC2CCCC2)C(=O)Nc2cnccn2)cc1Cl,1.0
CCc1cc(Cc2cc(CC)cc(C(C)(C)C)c2O)c(O)c(C(C)(C)C)c1,1.0
CC1COc2ccccc2N1C(=O)C(Cl)Cl,1.0
Cc1ccc2oc(CN(Cc3ccccc3)C(=O)Nc3c(F)cc(F)cc3F)c(-c3ccc(Cl)cc3)c2c1,0.0
OCC1CCCO1,0.0
Cc1ccc2c(c1)C(=O)OC2=O,0.0
CCCCCCCCCC=CCc1cc(O)oc1O,0.0
O=C(O)c1cccc(N(Cc2cccnc2)c2ccc(OC(F)F)c(OC(F)F)c2)c1,0.0
COc1ccc(-n2nc(C(F)F)cc2-c2ccc([S+](C)[O-])cc2)cc1,0.0
CC(C)C(=O)c1ccccc1,0.0
Cc1cc(C(F)(C(F)(F)F)C(F)(F)F)ccc1NC(=O)c1cccc(I)c1C(=O)NC(C)(C)CS(C)(=O)=O,1.0
CCCCc1ccc(N)cc1,1.0
CNC(=O)ON=CC(C)(C)[S+](C)[O-],0.0
CCCCC1CN(CC2CCOCC2)C(=O)OC12CCN(C1(C)CCN(C(=O)c3c(C)ncnc3C)CC1)CC2,0.0
COC(=O)c1ccccc1C,0.0
CCCCCCCO,0.0
CCC(Cc1c(I)cc(I)c(N)c1I)C(=O)O,0.0
COc1cc(NC(=O)CC(C)=O)c(OC)cc1Cl,1.0
CCCCC(CC)COC(=O)CS,1.0
O=C(O)Cc1cc(I)c(Oc2cc(I)c(O)c(I)c2)c(I)c1,0.0
CCC1(c2ccc(N)cc2)CCC(=O)NC1=O,1.0
Nc1ccccc1C(=O)OCCc1ccccc1,1.0
Oc1ccc(Cc2ccccc2O)cc1,1.0
COc1cc(C(=O)NC2CCN(C)CC2)ccc1Nc1ncc2c(n1)N(C1CCCC1)CC(F)(F)C(=O)N2C,1.0
CC(=O)C1C(C#N)CC2C3CC=C4CC(O)CCC4(C)C3CCC21C,1.0
CCCCC1CCC(O)CC1,0.0
O=C([N-]S(=O)(=O)C=Cc1ccccc1)c1ccc(F)cc1Cl,1.0
CCCCCCCCC=CCCCCCCCC(=O)OC(CO)CO,0.0
CCCCOCCOCCSC#N,0.0
CCn1c2ccccc2c2cc(N)ccc21,0.0
CCc1cc(Cc2cc(CC)c(N)c(CC)c2)cc(CC)c1N,1.0
O=Cc1ccc(CO)o1,0.0
CCCCc1nc2cccnc2n1Cc1ccc(-c2ccccc2-c2nnn[n-]2)cc1,1.0
CC(=O)OC1CC2CCC1(C)C2(C)C,0.0
CC(O)(CS(=O)(=O)c1ccc(F)cc1)C(=O)Nc1ccc(C#N)c(C(F)(F)F)c1,0.0
OC1CCCC1,0.0
OCc1cccc(Oc2ccccc2)c1,0.0
N#Cc1ccc(C(c2ccc(C#N)cc2)n2cncn2)cc1,0.0
O=C(CCCCCCCCc1cccnc1)N1CCC(C=C(c2ccccc2)c2ccccc2)CC1,1.0
Cc1ccc(O)c(-n2nc3ccccc3n2)c1,0.0
CC(C)(c1cc(Cl)c(O)c(Cl)c1)c1cc(Cl)c(O)c(Cl)c1,1.0
CCCN(C1CCN(C(=O)C2CCNCC2)CC1)C1CCc2ccc(OC)cc2C1,1.0
O=C(NS(=O)(=O)C=Cc1cccs1)c1ccc(F)cc1Br,0.0
Oc1ccccc1Cc1ccccc1O,1.0
Cc1cc(F)ccc1-c1cc(N2CCC(O)C2CO)ncc1N(C)C(=O)C(C)(C)c1cc(C(F)(F)F)cc(C(F)(F)F)c1,1.0
CC(=O)c1ccc(O)cc1,0.0
CC(=Cc1ccccc1)[N+](=O)[O-],1.0
N#CC1(N=NC2(C#N)CCCCC2)CCCCC1,0.0
CCCCCCCCc1ccc(S(=O)(=O)[O-])cc1,0.0
Cc1ccc(C(C)NC(=O)C(NC(=O)OC(C)C)C(C)C)cc1,0.0
Oc1ccc(C(c2ccc(O)cc2)(C(F)(F)F)C(F)(F)F)cc1,1.0
CCCCCCCCCc1ccc(O)cc1,1.0
O=c1c(-c2ccc(O)cc2)coc2cc(O)ccc12,1.0
O=C(c1ccccc1)C1CCCCC1,0.0
CC12C=CC3=C(CC=C4CC(=O)CCC43)C1CCC2O,0.0
CC12CCC3C(CCC4CC(O)CCC43C)C1CCC2=O,1.0
COC(=O)c1ccc([N+](=O)[O-])cc1,0.0
Cc1cc(C)c(O)c(C(C)(C)C)c1,0.0
Cc1cc(Cl)ccc1OC(C)C(=O)O,0.0
CS(C)(=O)=O,0.0
OC(Cc1ccccc1Cl)(Cn1cncn1)C1(Cl)CC1,1.0
Oc1ccc(C2(c3ccc(O)c(C4CCCCC4)c3)CCCCC2)cc1C1CCCCC1,1.0
CCCCOP(=O)(CCCC)OCCCC,1.0
O=C(O)CN(CCCN(CC(=O)O)CC(=O)O)CC(=O)O,0.0
CC(=O)OC1CCCCC1,0.0
N#CCCOCCC#N,0.0
Clc1nc2ccccc2s1,0.0
O=[N+]([O-])c1cc(Cl)ccc1Cl,0.0
OCCCc1cccnc1,0.0
CCc1cccc(C)c1N(C(=O)CS(=O)(=O)O)C(C)COC,0.0
Oc1cccc2c(O)cccc12,0.0
CSc1ccc(O)cc1C,1.0
COc1cc(C(C)C)ccc1C,0.0
CCC(=O)OCC=Cc1ccccc1,0.0
O=c1[nH]cccc1O,0.0
Cc1cccc2c1ccc1ccccc12,0.0
c1ccc(-c2ccccc2-c2ccccc2)cc1,0.0
CC(C)(C)C(O)C(Oc1ccc(-c2ccccc2)cc1)n1cncn1,1.0
CCN(CCC#N)c1ccc(N=Nc2ccc([N+](=O)[O-])cc2)cc1,0.0
CC(=O)OCC=C(C)CCC=C(C)CCC=C(C)C,0.0
NC(=O)c1ccccc1Cl,0.0
N#Cc1ccccc1Cl,0.0
O=[N+]([O-])c1ccc([N+](=O)[O-])cc1,0.0
Clc1ccc(-c2ccccc2)cc1,0.0
O=C(NCc1ncc(C(F)(F)F)cc1Cl)c1c(Cl)cccc1Cl,1.0
[O-]c1c(Cl)c(Cl)c(Cl)c(Cl)c1Cl,1.0
CCC(O)CO,0.0
C=C1CCC2OC2(C)CCC2C1CC2(C)C,1.0
CC1CCC(C(C)(C)O)CC1,0.0
Cn1sccc1=O,1.0
O=c1cc[nH]cc1,0.0
CCn1c2ccccc2c2ccccc21,0.0
N#CCCO,0.0
C=CC(C)(C)O,0.0
Cc1ccc(C(=O)Cl)cc1,0.0
CC(C)(c1ccc(Oc2ccc(N)cc2)cc1)c1ccc(Oc2ccc(N)cc2)cc1,1.0
Cc1c(Cl)c(=O)oc2cc(O)ccc12,1.0
C=Cc1ccncc1,0.0
OC(Cc1ccccc1Cl)(Cn1[nH]cnc1=S)C1(Cl)CC1,1.0
Oc1ccc(O)[nH]1,1.0
N#Cc1ccc(O)cc1,0.0
CNC(=O)Oc1cc(C)c(SC)c(C)c1,1.0
O=S(=O)([O-])c1cc(S(=O)(=O)[O-])c2ccc3c(S(=O)(=O)[O-])cc(S(=O)(=O)[O-])c4ccc1c2c43,0.0
Nc1cc([N+](=O)[O-])ccc1Cl,0.0
Clc1ccc2c(Cl)ccnc2c1,0.0
CCCCCCCCCCc1ccccc1,0.0
NC(=O)C1CO1,0.0
CC(Oc1ccc(Cl)cc1Cl)C(=O)O,0.0
COP(N)(=S)OC,0.0
O=c1cccc[nH]1,0.0
CCOC(=O)C(O)C(O)C(=O)OCC,0.0
CCCCCCCOC(=O)c1ccccc1C(=O)OCCCCCCC,0.0
CC12CCC(O)CC1CCC1C2CC(O)C2(C)C(C3=CC(=O)OC3)CCC12O,1.0
CCN(CC)c1ccc(C=O)cc1,1.0
CCNc1nc(NC(C)(C)C)nc(OC)n1,0.0
Oc1ccccc1Br,0.0
CSc1nc(=O)c(C(C)(C)C)n[nH]1,0.0
C=CCOC(N)=O,0.0
CC[N+](CC)(CC)Cc1ccccc1,0.0
Nc1ccc([N+](=O)[O-])cc1Cl,0.0
CC(C)=CCCC(C)O,0.0
COc1ccc(OC)c(C=O)c1,1.0
Nc1ccc(Oc2cccc(Oc3ccc(N)cc3)c2)cc1,0.0
CCN(CC)c1ccc(C=O)c(O)c1,0.0
CC(C)(C)c1n[nH]c(=O)n(N)c1=O,0.0
ClC(c1ccccc1)(c1ccccc1)c1ccccc1,0.0
CCOC(=O)CC(C)O,0.0
COc1cccc(OC)c1O,0.0
CCCCCCCCCCCCCC[N+](C)(C)Cc1ccccc1,1.0
NC(=O)c1ccc(N)nc1,1.0
Oc1ccc(I)cc1,0.0
CCCCCCCCCCCCCCCCCO,0.0
CC(C)(c1ccc(O)c(-c2ccccc2)c1)c1ccc(O)c(-c2ccccc2)c1,1.0
ClCc1ccccc1CCl,1.0
Clc1cccc(Cl)n1,0.0
Brc1c(Br)c(Br)c(Oc2c(Br)c(Br)c(Br)c(Br)c2Br)c(Br)c1Br,0.0
COCCc1ccc(OCC(O)CNC(C)C)cc1,0.0
CCCCCCCCCCBr,0.0
CCOC=C(C(=O)OCC)C(=O)OCC,0.0
CC(c1cc(C(C)(C)C)cc(C(C)(C)C)c1O)c1cc(C(C)(C)C)cc(C(C)(C)C)c1O,1.0
CC(C)(C)c1cc(CCC(=O)NCCCCCCNC(=O)CCc2cc(C(C)(C)C)c(O)c(C(C)(C)C)c2)cc(C(C)(C)C)c1O,0.0
CCCCNc1ccc(NCCCC)c2c1C(=O)c1ccccc1C2=O,0.0
Nc1ccc(Cl)c([N+](=O)[O-])c1,0.0
CC(c1ccccc1)(c1ccc(O)cc1)c1ccc(O)cc1,1.0
CC(C)=NNC(N)=S,0.0
O=C(c1ccccc1)c1ccc(Cl)cc1,0.0
CCCCCCCCSCc1cc(C)c(O)c(CSCCCCCCCC)c1,0.0
Cc1ccc(O)cn1,0.0
CCN(CC)c1cccc(C)c1,0.0
Nc1ccc(Cl)cc1C(=O)c1ccccc1,1.0
O[Si](c1ccccc1)(c1ccccc1)c1ccccc1,1.0
ClC(Cl)=C(c1ccc(Cl)cc1)c1ccccc1Cl,0.0
CCOC(=O)C1=NN(c2ccc(Cl)cc2Cl)C(C)(C(=O)OCC)C1,1.0
CC(=O)c1ccccc1N,0.0
N#Cc1cc([N+](=O)[O-])ccc1N,0.0
c1cc[c]([Sb]([c]2ccccc2)[c]2ccccc2)cc1,1.0
N#Cc1ccccc1N,0.0
CN1CN(C)CN(C)C1,0.0
Clc1ccc(Oc2ccccc2)cc1,0.0
COc1ccc(C#N)cc1,0.0
CC(=Cc1ccc(C(=O)O)cc1)c1ccc2c(c1)C(C)(C)CCC2(C)C,0.0
COCCC(=O)OC,0.0
Cc1cc(=O)[nH]c(=O)[nH]1,0.0
O=S(=O)(c1ccc(OCc2ccccc2)cc1)c1ccccc1O,1.0
CCON=C(CC)C1C(=O)CC(c2c(C)cc(C)cc2C)CC1=O,1.0
COc1ccccc1O,0.0
Nc1ccc(Sc2ccc(N)cc2)cc1,0.0
O=C(O)Cc1cccc2ccccc12,0.0
O=S(=O)(c1ccc(Cl)cc1)c1ccc(Cl)cc1,0.0
COCCOCCO,0.0
CC(C)(C)CC(C)(C)c1ccc(O)cc1,1.0
CCCOC(=O)c1ccc(O)cc1,1.0
CCCCCCCCc1ccc(O)cc1,1.0
NCCO,0.0
O=C(Oc1ccccc1)c1cccc(C(=O)Oc2ccccc2)c1,0.0
O=[N+]([O-])c1c2ccccc2cc2ccccc12,0.0
Nc1ccc(O)c([N+](=O)[O-])c1,0.0
Nc1ccc(Cl)cc1,0.0
Nc1ccc([N+](=O)[O-])cc1,0.0
O=[N+]([O-])c1cccc([N+](=O)[O-])c1,0.0
Nc1ccc([N+](=O)[O-])cc1O,0.0
C=CC(=O)NCNC(=O)C=C,0.0
Brc1ccccc1-c1ccccc1,0.0
N=C(Nc1ccccc1)Nc1ccccc1,0.0
N=C1N=C(N)c2cc3ccccc3cc21,1.0
Nc1nc2ccc([N+](=O)[O-])cc2s1,0.0
O=C(Nc1ccccc1-c1ccc(Cl)cc1)c1cccnc1Cl,0.0
CC1(C)CCC(=Cc2ccc(Cl)cc2)C1(O)Cn1cncn1,1.0
O=S(=O)([O-])C(F)(F)C(F)(F)C(F)(F)C(F)(F)F,0.0
CCCC(=O)c1cc(O)c(O)cc1O,0.0
CN1C(=O)c2ccccc2C1=O,0.0
O=[N+]([O-])c1cc([N+](=O)[O-])c2ccccc2c1,0.0
CCCCOC(=O)c1ccccc1C(=O)OCc1ccccc1,0.0
CC12CCC(=O)C=C1CCC1C2CCC2(C)C1CCC2(C)O,1.0
O=C(NC(CO)C(O)c1ccc([N+](=O)[O-])cc1)C(Cl)Cl,0.0
O=C(O)c1ccc(Cl)cc1,0.0
c1cc2ccc3cccc4ccc(c1)c2c34,0.0
CCCCCCCCCC(CC)c1ccc(S(=O)(=O)O)cc1,1.0
S=P(N1CC1)(N1CC1)N1CC1,1.0
CC(C)OC(=O)c1cc(C(=O)OC(C)C)cc([N+](=O)[O-])c1,0.0
Cc1cc([N+](=O)[O-])cc([N+](=O)[O-])c1O,1.0
Cc1[nH]c(=O)c(C#N)cc1-c1ccncc1,0.0
COc1cc(OC)c(OC)cc1C=O,0.0
COC(=O)c1c(Cl)c(Cl)c(C(=O)OC)c(Cl)c1Cl,0.0
O=C(O)COc1nc(Cl)c(Cl)cc1Cl,0.0
COc1ccc(C(c2ccc(OC)cc2)C(Cl)(Cl)Cl)cc1,1.0
CCCCC(CC)COC(=O)c1ccccc1C(=O)O,0.0
CC(C)(C)C(O)C(Oc1ccc(Cl)cc1)n1cncn1,1.0
CCCN(CCC)c1c([N+](=O)[O-])cc(S(N)(=O)=O)cc1[N+](=O)[O-],1.0
CCOP(=O)(NC(C)C)Oc1ccc(SC)c(C)c1,1.0
CCCSP(=O)(OCC)SCCC,0.0
O=S(=O)(O)C(F)(F)C(F)(F)C(F)(F)C(F)(F)C(F)(F)C(F)(F)C(F)(F)C(F)(F)F,1.0
CCCCC(CC)COC(=O)c1ccccc1C(=O)OCC(CC)CCCC,0.0
CC(C)Oc1cccc(NC(=O)c2ccccc2C(F)(F)F)c1,1.0
CCCCOCCOCCOCc1cc2c(cc1CCC)OCO2,0.0
COC=C(C(=O)OC)c1ccccc1Oc1cc(Oc2ccccc2C#N)ncn1,1.0
